Tempo_viagem,Distancia_km,Velocidade_media_kmh,Congestionamento,Hora_pico,Tipo_transporte,Paradas_intermediarias,Chuva_mm,Dia_semana,Ocorrencia_acidente,Tempo_espera
"10,98","0,95","35,38","3,16",Não,Ônibus,1,"2,27",Seg,Não,"9,79"
"50,1","6,31","25,66","5,11",Sim,Ônibus,3,0,Qua,Não,"15,03"
"41,5","4,75","33,08","3,51",Não,Ônibus,2,"2,5",Sex,Não,"12,71"
"37,18","1,56","22,95","5,79",Não,Bicicleta,1,"6,32",Ter,Não,"7,78"
"36,79","7,11","26,78","4,85",Não,Metrô,1,0,Ter,Não,"7,85"
"10,47","4,26","35,12","2,34",Não,Ônibus,2,0,Qui,Não,"8,32"
"53,12","7,45","23,89","5,72",Sim,Ônibus,1,0,Qua,Não,"15,94"
"91,09","7,94","15,43","7,93",Sim,Ônibus,5,"4,05",Sex,Sim,"18,79"
"21,98","7,04","32,25","3,82",Não,CarroApp,2,0,Qui,Não,"7,6"
"25,4","3,03","28,08","4,6",Não,CarroApp,3,0,Seg,Não,"10,59"
"40,18","11,33","30,7","4,11",Sim,Ônibus,7,"2,45",Ter,Não,"13,07"
"26,17","2,53","30,73","3,58",Não,CarroApp,0,"3,88",Qua,Não,"8,14"
"46,62","4,07","23,19","6,1",Sim,Ônibus,6,"9,99",Qui,Não,"15,53"
"23,26","2,43","32,56","3,18",Não,Ônibus,1,0,Sex,Não,"10,6"
"33,93","5,9","31,36","3,92",Não,Ônibus,5,0,Ter,Não,"10,03"
"9,72","1,78","33,96","3,17",Não,Metrô,2,"1,08",Qui,Não,"7,84"
"17,67","5,7","36,12","2,63",Não,Bicicleta,4,0,Seg,Não,"1,46"
"17,18","6,52","38,12","1,9",Não,Metrô,2,"3,37",Qua,Não,"5,05"
"18,32","6,09","40,51","1,29",Não,CarroApp,3,0,Qua,Não,"7,5"
57,"8,2","22,82","5,98",Sim,Bicicleta,3,"0,1",Seg,Sim,
"63,37","7,14","15,34","8,04",Sim,Ônibus,3,0,Ter,Não,"17,24"
"31,67","11,11","29,47","3,93",Não,CarroApp,4,0,Seg,Não,"6,71"
21,"3,68",30,"3,34",Não,Metrô,1,"11,4",Ter,Não,"7,91"
"21,1","9,68","36,76","1,87",Não,CarroApp,5,"8,63",Ter,Não,"6,15"
"30,24","2,65","31,57","3,55",Não,Bicicleta,1,"5,89",Qui,Não,"4,79"
5,"2,67","35,32","2,65",Não,Metrô,2,"11,22",Dom,Não,"2,06"
"6,2","3,57","34,52","3,26",Não,Metrô,1,0,Ter,Não,"8,04"
"35,41","10,68","32,32","2,79",Não,CarroApp,4,"3,87",Ter,Não,"7,72"
"12,47","7,58","42,99","0,67",Não,CarroApp,4,"6,98",Sab,Não,"9,42"
"30,34","5,42","29,03","3,63",Não,Bicicleta,2,0,Sex,Não,"6,59"
"9,51","3,03","40,06","2,17",Não,Bicicleta,2,"23,72",Sex,Não,"1,54"
"35,82","6,49","32,56","2,69",Não,Bicicleta,0,0,Qui,Não,"4,68"
"26,57",,"35,8","2,15",Não,Ônibus,4,0,Sab,Não,"8,67"
"28,68","3,88","31,03","3,41",Não,Bicicleta,1,"3,89",Seg,Não,"2,9"
"107,33","18,25","15,53","7,93",Sim,Ônibus,12,"1,19",Sex,Não,"17,3"
"55,61","17,93","36,3","2,56",Não,Metrô,7,0,Seg,Sim,"9,43"
"57,24","1,74","14,24","7,5",Sim,Ônibus,1,0,Qua,Não,19
"26,74","8,57","38,51","2,14",Não,Ônibus,7,"3,13",Qua,Não,"13,5"
"48,7","5,95","23,52","5,22",Sim,Ônibus,6,"8,86",Seg,Não,"17,08"
"29,54","6,8","33,73","3,54",Não,Metrô,4,"1,1",Sab,Não,"6,04"
"65,24","11,28","24,64","5,09",Sim,Ônibus,4,0,Ter,Não,"16,67"
"61,17","21,22","33,29","3,1",Não,CarroApp,8,"0,5",Dom,Não,"10,94"
"35,58","7,48","31,52","3,36",Não,CarroApp,5,0,Qua,Não,"8,41"
"53,03","3,06","20,33","6,03",Sim,Ônibus,6,0,Ter,Não,12
"35,62","7,85","29,01","4,57",Não,CarroApp,4,"2,2",Ter,Não,"9,44"
"10,91","3,24","37,84","1,9",Não,CarroApp,3,"0,57",Seg,Não,"9,62"
"52,19","6,2","22,27","4,88",Sim,Ônibus,3,0,Qui,Não,"18,79"
"21,29","7,27","35,34","2,65",Não,Ônibus,4,0,Ter,Não,"12,07"
"7,81","1,99","29,41","4,58",Não,CarroApp,0,0,Sab,Não,"8,72"
"27,23","5,7","37,63","1,54",Não,Ônibus,5,"3,81",Ter,Não,"9,99"
"76,56","12,9","24,32","5,46",Sim,Ônibus,9,0,Ter,Não,"18,97"
"39,76","3,28","30,42","4,85",Sim,Ônibus,5,0,Seg,Não,"14,07"
"71,99","17,32","24,65","4,89",Sim,Ônibus,5,"1,27",Seg,Não,"12,72"
"46,75","5,34","28,89","3,87",Não,Ônibus,5,0,Qui,Não,"13,92"
"35,79","3,24","31,23","3,21",Não,Ônibus,3,0,Sex,Não,"11,52"
"62,28","9,61","17,74","7,89",Sim,Metrô,8,"4,14",Qua,Não,"12,2"
"15,63","4,29","44,51","0,3",Não,Ônibus,4,"1,99",Seg,Não,"8,18"
5,"5,24","38,33","2,04",Não,Metrô,2,0,Dom,Não,"6,73"
"94,55","7,96","13,08","8,45",Sim,Ônibus,6,"5,44",Sex,Sim,"19,39"
"23,85","8,6","32,19","3,44",Não,Metrô,6,"5,7",Qui,Não,"7,03"
"33,05","8,91","29,29","4,13",Não,CarroApp,0,0,Qui,Não,"7,13"
"50,01","8,87","28,1","3,5",Não,Ônibus,1,0,Sex,Não,"9,74"
"35,3","5,09","23,61","4,89",Não,CarroApp,2,"3,32",Ter,Não,"9,27"
"63,26","14,23","29,35","3,95",Não,CarroApp,3,"4,48",Qui,Sim,11
"66,48","4,27","18,11","7,45",Sim,Ônibus,3,0,Qua,Não,"18,17"
"43,94","8,44","30,23","3,35",Não,Ônibus,6,"4,92",Sex,Não,"9,59"
"52,7","5,83","20,56","6,64",Sim,Ônibus,4,"1,85",Qui,Não,"12,63"
"39,25","7,45","34,71","2,5",Sim,Ônibus,8,"2,02",Sab,Não,"12,86"
"61,14","5,54","23,63","5,38",Sim,Ônibus,7,0,Sex,Não,"15,99"
"45,25","5,27","29,96","3,59",Sim,Ônibus,6,0,Qua,Não,"13,53"
"42,3","6,21",,"4,36",Não,CarroApp,2,0,Sex,Não,"13,73"
"42,64","7,15","23,39","5,8",Sim,Metrô,3,0,Ter,Não,"10,41"
"21,5","16,1","39,34","0,99",Não,Ônibus,13,"5,39",Sab,Não,"3,03"
"40,56","16,16","36,43","2,35",Não,Metrô,7,"1,93",Qua,Não,"4,12"
"44,09","12,64","42,27","1,29",Não,Ônibus,10,0,Dom,Não,"9,25"
"15,19","6,54","37,22","2,46",Não,Metrô,1,0,Seg,Não,"6,54"
"36,86","4,25","25,39","5,34",Não,Metrô,2,0,Sex,Não,"11,78"
"6,81","3,69","36,6","1,93",Não,CarroApp,1,"8,47",Qui,Não,"6,92"
"37,36","5,4","27,2","4,28",Sim,Ônibus,9,"5,7",Qui,Não,"14,61"
"29,28","0,55",26,"6,02",Sim,Ônibus,2,0,Dom,Não,
"63,08","8,98","23,89",,Sim,Ônibus,5,"5,38",Ter,Não,"13,08"
"22,07","9,74","36,87","1,4",Não,Ônibus,7,"6,53",Ter,Não,"8,9"
"29,29","9,56","39,82","1,89",Não,Bicicleta,5,0,Qua,Não,0
"30,52","6,06","24,88","5,24",Não,CarroApp,5,0,Sex,Não,"10,16"
"41,3","4,71","23,48","6,61",Sim,Bicicleta,2,"1,44",Qua,Não,"6,51"
"38,15","3,99","27,75","3,95",Não,Ônibus,6,"3,61",Seg,Não,"10,77"
"35,79","5,56","34,95",,Não,Ônibus,5,0,Ter,Não,"11,28"
"58,49","18,39","23,62","4,96",Sim,CarroApp,4,0,Qua,Não,"11,18"
"46,07","15,71","33,86","3,27",Não,CarroApp,5,0,Qui,Não,"10,14"
"47,44","6,75","25,34","5,18",Sim,Ônibus,5,0,Ter,Não,"14,51"
"30,62","5,06","30,26","3,94",Não,Ônibus,4,0,Qua,Não,"11,24"
"17,71","4,65",35,"2,35",Não,CarroApp,3,0,Qua,Não,"7,2"
"15,97","2,19","30,65","3,69",Não,Metrô,2,0,Sex,Não,"5,76"
"9,3","3,12","35,21","2,84",Não,Metrô,4,0,Qui,Não,"5,97"
"27,64",,"25,02","5,35",Sim,Metrô,0,"1,36",Qui,Não,"10,16"
"45,92","7,65","26,63","4,65",Não,CarroApp,3,"15,82",Sex,Sim,"9,89"
"27,91","4,8","34,88","3,36",Não,Ônibus,3,"7,93",Ter,Não,"12,01"
"48,34","9,07","23,7","5,68",Sim,Metrô,3,0,Qui,Não,"10,33"
"39,2","6,17","32,7","3,68",Não,Ônibus,13,"4,6",Qui,Não,"9,98"
"37,26","1,93","20,63","6,46",Sim,Metrô,1,0,Qui,Não,"13,05"
"24,7","2,29","30,23","4,09",Sim,Metrô,1,0,Seg,Não,"9,73"
"74,19","12,55","22,57","5,94",Sim,CarroApp,5,"5,12",Sex,Não,"14,77"
"21,53","6,38","35,64","3,02",Não,Bicicleta,5,"3,21",Sex,Não,"1,99"
"36,26",,"23,85","6,35",Sim,Ônibus,5,"10,69",Qui,Não,"15,6"
5,"7,51","45,95",0,Não,Metrô,3,0,Dom,Não,"3,26"
"17,7","11,61","44,32",0,Não,Metrô,3,0,Seg,Não,"1,6"
"34,06","1,28","25,04","5,52",Sim,CarroApp,0,0,Ter,Não,"13,74"
"62,59","12,68","31,72","3,48",Sim,CarroApp,7,"3,42",Qui,Sim,"8,38"
"76,86","11,17","15,55","8,16",Sim,CarroApp,6,0,Seg,Não,"17,94"
"35,72","3,44","30,69","4,1",Sim,Bicicleta,3,0,Qui,Não,"8,99"
"40,13","6,06","23,62","4,93",Sim,Metrô,3,"1,21",Seg,Não,"10,01"
"33,26","5,61","29,59","4,15",Sim,Metrô,3,0,Seg,Não,"8,53"
"53,41","3,19","20,36","6,51",Sim,Bicicleta,2,0,Seg,Sim,"9,88"
"48,56","6,89","27,5","4,77",Sim,Bicicleta,2,0,Qui,Não,"7,21"
"8,27","2,49","34,91","2,97",Não,Metrô,1,0,Sex,Não,"6,29"
5,"4,22","42,51","0,91",Não,Ônibus,1,0,Sab,Não,"9,15"
"35,82","3,88","23,64","5,91",Sim,CarroApp,1,"4,4",Qua,Não,"14,6"
"44,2","4,03","27,57","5,05",Sim,CarroApp,3,"6,62",Seg,Não,"15,05"
"58,53","4,71","19,77","6,49",Sim,Ônibus,4,0,Qui,Não,"16,07"
"54,14","12,42","24,13","4,88",Sim,Ônibus,7,0,Qui,Não,"13,13"
"68,13","12,79","22,07","5,81",Sim,CarroApp,5,0,Qui,Não,"13,3"
"45,74","9,43","27,68","4,82",Não,Ônibus,9,0,Seg,Não,"9,11"
"19,35","1,64","29,17","3,49",Não,CarroApp,3,0,Sex,Não,"6,49"
"21,24","2,87","34,21","3,09",Não,CarroApp,1,0,Qua,Não,"9,18"
"43,14","3,98","28,01","4,91",Sim,Ônibus,3,0,Qui,Não,"17,39"
"59,13","5,49","22,23","5,5",Sim,Ônibus,9,0,Seg,Não,"14,93"
5,"6,27","38,94","1,75",Não,Metrô,3,"9,2",Qui,Não,"4,83"
"43,02","1,24","31,03","4,15",Sim,CarroApp,0,"4,49",Ter,Sim,"11,46"
"61,86","-3,08","21,38","6,43",Sim,Ônibus,4,"1,35",Ter,Não,"16,05"
"62,65","12,93","23,05","5,55",Sim,CarroApp,7,0,Sex,Não,"8,9"
"49,45","6,61","28,94","4,62",Sim,Ônibus,4,0,Qua,Não,"13,5"
"55,44","4,16","12,14","8,19",Sim,Metrô,1,0,Sex,Não,"13,5"
"41,7","10,5","30,82","3,15",Não,Ônibus,5,"4,14",Qua,Não,"-6,28"
"55,19","8,47","23,52","5,83",Sim,Metrô,8,0,Seg,Não,"11,83"
"16,13","2,15","33,52","2,67",Não,Ônibus,1,"1,3",Dom,Não,"10,94"
"47,9","5,75","28,4","4,45",Não,Ônibus,3,0,Sex,Não,"9,75"
"59,45","11,28","21,55","6,03",Sim,Ônibus,6,"6,87",Qui,Não,"13,15"
"48,69","10,21","22,66","6,22",Não,CarroApp,5,,Qua,Não,"8,86"
"36,93","7,48","24,02","5,59",Sim,Bicicleta,1,"3,2",Qua,Não,"4,35"
"31,71","4,25","28,5","4,44",Sim,Metrô,0,"1,37",Ter,Não,"5,89"
"45,85","2,27","24,6","5,64",Não,Ônibus,6,0,Seg,Não,"13,59"
"36,39","4,14","26,81","4,53",Não,Ônibus,5,"3,37",Ter,Não,"5,74"
"40,11","6,53","25,18","4,55",Não,Metrô,4,"5,75",Sex,Não,"11,47"
"49,61","9,85","26,86","4,73",Sim,Metrô,3,0,Sex,Não,"7,91"
"15,09","6,45","42,33","0,73",Não,Ônibus,4,0,Dom,Não,"8,14"
"32,65","2,12","23,08","5,91",Sim,Bicicleta,2,"0,67",Qui,Não,"5,14"
"28,99","4,43","29,06","3,71",Não,Ônibus,3,"10,77",Qua,Não,"10,59"
"40,65","7,87","26,45","5,13",Sim,Metrô,5,"2,72",Qua,Não,"8,81"
"52,24","2,88","17,23","6,95",Sim,Ônibus,5,"1,02",Sex,Não,"15,71"
"38,68","8,6","30,14","3,8",Não,CarroApp,5,0,Sex,Não,"8,6"
"54,15","15,79","29,85","3,91",Sim,Metrô,5,"1,23",Sex,Não,"9,54"
"39,75","4,43",24,"5,67",Sim,Metrô,2,0,Qua,Não,"7,8"
"51,27","3,89","21,85","6,22",Sim,Ônibus,3,0,Sex,Não,"17,67"
"22,37","8,72","34,04","3,03",Não,CarroApp,1,0,Ter,Não,"8,9"
"70,6","9,37","18,98","7,12",Sim,CarroApp,3,0,Sex,Não,"14,55"
"59,22","21,11","35,76","2,91",Não,CarroApp,14,"8,09",Qua,Não,"9,24"
"23,78","9,87","36,66","2,15",Não,Metrô,6,0,Ter,Sim,"4,5"
"59,33","17,02","31,09","3,78",Não,Ônibus,9,"3,62",Qui,Não,"9,86"
"57,17","4,23","12,92","8,78",Sim,Ônibus,7,"1,87",Qua,Não,"19,02"
"20,06","4,95","33,82","2,65",Não,Metrô,4,"5,34",Ter,Não,"5,39"
"25,77","8,32","36,77","2,68",Não,CarroApp,7,"10,32",Sab,Não,"5,53"
"12,13","2,65","41,84","0,51",Não,Ônibus,7,"4,67",Dom,Não,"10,91"
"33,88","5,37","24,7","5,27",Sim,CarroApp,2,0,Qua,Não,"14,78"
"15,25","4,89","32,89","3,57",Não,Metrô,5,0,Sab,Não,"6,34"
"68,66","19,93","27,92","4,07",Não,CarroApp,7,0,Qua,Não,"9,77"
"29,59","7,05","44,13","1,04",Não,CarroApp,2,"2,36",Sex,Sim,-4
"41,21","6,62","25,84","4,97",Sim,Metrô,2,0,Ter,Não,"9,33"
"32,28",,"30,51","3,54",Não,Ônibus,4,0,Qui,Não,"8,84"
"44,53","7,49","27,53","3,78",Sim,Bicicleta,4,"5,54",Sab,Não,"7,82"
"42,26","6,61","24,19",5,Sim,Bicicleta,2,0,Ter,Não,"5,41"
"29,77","6,54","26,35","5,14",Não,CarroApp,1,"0,68",Sex,Não,"10,01"
"37,31","6,92","23,8","5,54",Não,Bicicleta,2,"1,56",Sex,Não,"4,82"
"5,95","10,23","42,74","0,7",Não,Ônibus,5,"0,99",Ter,Não,"7,68"
"38,99","13,62","34,71","2,43",Não,Ônibus,9,"0,84",Ter,Não,"7,21"
"81,08","9,62","15,96","7,04",Sim,Ônibus,7,0,Sex,Não,"16,58"
"64,18","15,96","27,59","4,74",Sim,Metrô,3,0,Qua,Não,"12,97"
"44,22","7,72","26,42","4,76",Sim,CarroApp,2,"5,56",Seg,Não,"12,52"
"22,99","11,36","36,11","2,91",Não,CarroApp,4,0,Seg,Não,"8,07"
"28,16","6,43","32,05","3,1",Não,Ônibus,3,0,Qui,Não,"12,12"
"60,54","5,74","22,44","6,35",Sim,Ônibus,2,0,Qui,Não,"17,06"
"45,63","7,34","24,83","5,78",Sim,Metrô,2,0,Sex,Não,"10,22"
"45,73","6,91","30,61","3,58",Não,CarroApp,4,0,Seg,Não,"10,71"
"34,54",8,"33,84","3,33",Não,CarroApp,5,0,Qui,Não,"9,04"
"19,74","0,58","32,79","3,59",Sim,Ônibus,2,0,Sab,Não,"15,17"
"24,31","8,72","28,38","4,42",Não,Metrô,3,"2,48",Seg,Não,"7,04"
"7,17","2,12","33,09","3,36",Não,Metrô,0,"1,8",Qui,Não,"6,21"
"60,23","2,23","21,67","6,13",Sim,Ônibus,4,"1,57",Ter,Não,"20,26"
"60,01","4,02","14,57","8,11",Sim,Ônibus,3,0,Sex,Não,"16,19"
"56,95","4,81","23,74","5,68",Sim,CarroApp,3,"2,71",Sex,Não,"14,72"
"41,4","6,34","26,31","4,05",Sim,Ônibus,3,"8,46",Sab,Não,"12,24"
"25,56","2,39","34,34","2,37",Não,Ônibus,4,0,Qua,Não,"13,05"
"58,3","10,07","24,39","5,53",Sim,Ônibus,5,0,Seg,Não,"15,71"
"57,34","7,27","31,39","3,84",Não,CarroApp,6,0,Sex,Sim,"7,43"
"63,09","16,66","40,4","1,78",Não,Ônibus,15,0,Qua,Sim,"9,03"
"25,52","12,06","35,36","2,36",Não,Ônibus,6,0,Dom,Não,"10,45"
"48,06","8,89","23,56","5,28",Sim,CarroApp,7,0,Ter,Não,"11,93"
"34,38","8,45","27,8","4,1",Não,CarroApp,1,"3,59",Qua,Não,"8,64"
"96,04","32,21","27,7","4,07",Não,Ônibus,16,"3,96",Qua,Não,"13,62"
"66,48","18,28","28,69","4,31",Sim,Metrô,9,"2,09",Seg,Não,"8,71"
"19,1","9,52","42,82","0,58",Não,Ônibus,8,"3,24",Qui,Não,"7,65"
"26,35","5,54","30,37","3,17",Não,Metrô,0,"3,03",Seg,Sim,"6,25"
"28,42","5,9","33,25","3,76",Sim,CarroApp,3,"4,81",Qua,Não,"10,73"
"30,36","6,94","33,15","3,29",Não,Ônibus,1,0,Qui,Não,"10,12"
"22,23",3,"32,64","3,08",Não,Ônibus,6,"0,36",Ter,Não,"11,21"
"21,99","2,16",33,"4,14",Não,CarroApp,1,0,Qua,Não,"13,91"
"27,82","2,3","26,85","5,09",Não,Metrô,2,"4,27",Sex,Não,"9,29"
"59,19","5,79","21,1","6,25",Sim,Ônibus,4,"2,14",Seg,Sim,"14,38"
"42,83","2,64","25,13","5,01",Sim,Ônibus,4,0,Qui,Não,"14,66"
"44,06","16,11","33,25","3,14",Não,CarroApp,3,"5,84",Seg,Não,"10,68"
"31,94","8,6","30,39","3,29",Não,Ônibus,4,"6,75",Seg,Não,"12,62"
"7,48","5,36","41,27","0,85",Não,Metrô,3,"2,69",Ter,Não,"4,41"
"55,64","4,11","18,96","6,45",Sim,Ônibus,3,0,Seg,Não,"18,98"
"53,1","1,93","22,03","6,44",Sim,Ônibus,3,0,Sex,Sim,"14,38"
"39,21","9,85","36,25","2,13",Não,Ônibus,9,"5,85",Sab,Não,"8,73"
"10,17","2,69","37,8","2,06",Não,Ônibus,5,0,Qui,Não,"7,94"
"46,85","7,61",,"5,63",Sim,CarroApp,1,0,Qua,Sim,"9,39"
"40,69","5,81","19,75","7,01",Sim,Metrô,3,"2,13",Sex,Não,"10,23"
"42,38","8,13","30,26","4,15",Não,Ônibus,3,"8,31",Qua,Não,"11,91"
5,"5,28","43,59","0,91",Não,Metrô,3,0,Seg,Não,"3,09"
"26,98","8,79","33,87","3,09",Sim,Metrô,4,0,Sab,Não,"7,89"
"72,65","16,14","23,54","5,39",Sim,CarroApp,6,0,Ter,Não,"11,23"
"31,01","13,5","35,57","2,01",Não,Metrô,4,0,Sab,Não,"3,77"
"79,25","14,12","20,98","6,74",Sim,CarroApp,4,"4,04",Sex,Não,"17,48"
"35,06","2,98","22,61","5,75",Sim,Ônibus,2,0,Qua,Não,"12,64"
"13,83","5,9","41,04","1,68",Não,Ônibus,1,0,Qui,Não,"9,65"
"47,63","19,3","36,33","2,33",Não,Ônibus,7,0,Qui,Não,"9,07"
"53,16","8,03","24,69","5,12",Sim,Ônibus,5,0,Seg,Não,"14,74"
"65,11","8,6","16,64","7,43",Sim,Bicicleta,1,"1,13",Sex,Não,"9,84"
13,"3,87","32,91","2,84",Não,Bicicleta,1,0,Sab,Não,"3,19"
"27,93","0,5","23,26","5,61",Não,Metrô,0,"17,06",Sex,Não,"10,72"
"30,37","6,34","38,47","1,72",Não,Ônibus,5,0,Dom,Sim,"12,26"
"51,8","4,1","18,84","7,79",Sim,Bicicleta,2,"2,76",Qua,Não,"8,22"
"31,9","4,1","33,82","2,96",Não,Ônibus,5,0,Qua,Não,"13,68"
"26,2","2,8","20,37","6,12",Sim,CarroApp,1,0,Qui,Não,"13,16"
"6,37","4,51","43,76","0,61",Não,CarroApp,2,"6,59",Qua,Não,"6,35"
"51,46","5,79","31,3","3,72",Não,Ônibus,3,0,Qua,Sim,"14,5"
"40,97","2,94","29,11","3,94",Sim,CarroApp,0,"3,16",Qua,Sim,"10,23"
"41,72","11,47","35,3","2,89",Não,Ônibus,3,0,Sab,Não,"12,96"
"38,77","9,55","29,77","3,89",Não,Metrô,5,"1,57",Qua,Não,"9,41"
"16,84","5,94","41,07","1,38",Não,Metrô,0,0,Ter,Não,"5,42"
"27,79","5,29","25,11","4,9",Não,Bicicleta,4,"2,69",Qua,Não,"2,52"
"38,41","5,68","26,02","5,5",Não,Metrô,5,"9,69",Seg,Não,"7,25"
"63,77","5,53","20,54","6,88",Não,Ônibus,3,0,Sex,Sim,"10,09"
"27,01","3,24","28,54","4,55",Não,Ônibus,4,0,Sex,Não,
"28,21","4,25","27,1","4,85",Não,CarroApp,2,0,Qui,Não,"10,88"
"25,3","7,06","29,74","4,35",Não,Metrô,3,"0,84",Qua,Não,"4,75"
"21,39","6,04","37,96","2,16",Não,Ônibus,4,"4,31",Sab,Não,"12,32"
"95,61","17,96","15,24","7,66",Sim,CarroApp,11,"1,99",Ter,Não,"17,08"
"31,02","5,07","31,29","3,61",Não,Ônibus,3,0,Seg,Não,11
"58,67","0,93",11,"8,24",Sim,Ônibus,2,"5,66",Sex,Não,"17,33"
"34,49","5,36","33,2","3,61",Não,CarroApp,6,"4,41",Sex,Não,"7,82"
"35,3","5,44","28,36","4,32",Não,Ônibus,1,0,Ter,Não,"12,89"
"11,83",,"30,98","3,63",Não,Metrô,2,0,Ter,Não,"8,26"
"78,67","21,82","26,65","5,02",Sim,CarroApp,7,0,Ter,Não,"13,11"
"43,74","1,64","21,16","6,37",Sim,CarroApp,0,0,Sex,Não,"15,09"
"58,49","5,68","19,57","5,95",Sim,CarroApp,4,0,Qua,Sim,"13,78"
"28,36","3,29","25,32","4,44",Sim,Bicicleta,1,0,Qui,Não,"4,12"
"12,64","-1,94","33,58","3,21",Não,Metrô,2,0,Ter,Não,"4,34"
"24,45","5,57","36,16","2,5",Não,CarroApp,3,"5,2",Qui,Não,"8,78"
"57,84","1,93","14,67","7,97",Sim,CarroApp,3,"1,49",Sex,Sim,"13,48"
"59,93","11,38",,,Sim,Ônibus,8,0,Ter,Não,"15,04"
"18,75","2,05","36,5","2,39",Não,Ônibus,1,"3,14",Seg,Não,"12,34"
"48,81","8,47","29,91","3,94",Não,Ônibus,7,"6,35",Sex,Não,"9,43"
"65,38","12,66","26,52","5,41",Sim,Ônibus,6,0,Qui,Não,"8,84"
"21,59","10,37","42,46","0,64",Não,Ônibus,5,0,Qui,Não,"10,46"
"37,61","3,56","25,87","4,93",Não,Ônibus,4,0,Sex,Não,"12,79"
13,"3,66","34,95","2,89",Não,Bicicleta,1,"5,91",Ter,Não,0
5,"1,84","41,79","1,15",Não,Metrô,0,0,Seg,Não,"7,92"
"59,31","14,7","26,19","4,85",Não,Metrô,4,0,Sex,Não,"7,9"
"44,96","8,09","25,59","5,52",Não,Ônibus,6,"2,33",Qui,Não,"14,6"
"19,82","2,31","34,17","2,75",Não,Ônibus,3,0,Qua,Não,"10,95"
"45,91","2,89","30,04","3,84",Não,Ônibus,2,0,Ter,Não,"13,75"
"49,79","9,01","34,67","3,42",Sim,Ônibus,9,0,Qui,Não,"12,97"
"64,57","13,37","19,96","6,72",Não,Ônibus,5,"5,53",Sex,Não,"13,31"
"44,62","17,88","34,74","2,94",Não,Ônibus,1,,Sab,Não,"9,95"
"15,36","4,07","34,51","3,01",Não,Ônibus,2,0,Sex,Não,"9,16"
"51,82","11,2","25,48","4,87",Sim,CarroApp,5,"4,76",Qui,Não,"8,59"
5,"1,82","35,11","2,71",Não,Metrô,0,0,Sex,Não,"1,92"
"36,3","3,27","19,26","7,25",Não,CarroApp,1,"1,92",Sex,Não,"10,96"
"19,12","4,52","39,27","2,22",Não,Ônibus,7,"5,3",Seg,Não,"8,04"
"34,43","5,75","36,37","1,85",Não,Ônibus,2,0,Seg,Não,"12,83"
"50,4","13,73","28,37","4,42",Não,CarroApp,4,"6,54",Sex,Não,"11,61"
"32,44","4,25","26,94","3,78",Não,Ônibus,6,0,Ter,Não,"14,01"
"23,39",,"30,58","3,32",Não,Metrô,4,0,Sex,Não,"-3,54"
"47,4","1,74","18,74","6,46",Sim,Metrô,2,"5,86",Sex,Sim,"7,46"
"17,3",,"36,16","2,58",Não,CarroApp,1,0,Seg,Não,"6,63"
"15,93","2,02","32,03","3,55",Não,Bicicleta,1,0,Qui,Não,"0,97"
"7,62","7,3","43,57",0,Não,Metrô,6,"3,44",Sab,Não,"5,57"
"49,82","20,31","33,28","2,94",Não,Ônibus,9,0,Qua,Não,"10,65"
"57,25","12,74","32,47","3,63",Não,Ônibus,8,0,Qui,Não,"13,27"
"54,15","13,19","25,19","5,33",Sim,CarroApp,6,0,Qui,Não,"13,51"
"41,7","11,7","36,4","2,54",Não,Metrô,5,"6,55",Qui,Sim,"7,42"
"47,14","2,48","26,74","4,79",Sim,Ônibus,3,"2,77",Qui,Não,"13,15"
"37,33","1,76","21,51","6,22",Não,Ônibus,5,"17,2",Qui,Não,"11,91"
"50,88","3,35","24,31","5,4",Sim,Ônibus,7,"16,1",Qui,Não,"14,94"
"47,16","8,21","26,83","5,15",Sim,Ônibus,8,0,Ter,Não,"10,46"
"54,8","6,01","16,71","6,7",Sim,Ônibus,3,0,Seg,Não,"15,83"
"35,32","5,68","34,12","3,21",Não,Ônibus,4,"2,75",Qua,Não,"13,91"
31,"4,06","32,26","3,86",Sim,Metrô,1,"8,38",Qua,Não,"7,53"
"77,76","11,96","16,97","7,78",Sim,Ônibus,5,"3,58",Qua,Sim,"13,54"
"49,29","6,62","22,33","6,02",Sim,Bicicleta,2,0,Sex,Não,"7,85"
"20,1","6,71","39,84","1,81",Não,Ônibus,8,0,Qui,Não,"8,61"
"32,68","8,73","32,47","3,48",Não,CarroApp,2,"1,53",Ter,Não,"9,95"
"39,65","13,7","35,19","2,48",Não,Metrô,6,0,Qui,Não,"8,17"
"43,87","12,76","31,99","3,98",Não,Metrô,5,0,Sex,Não,"6,99"
"42,08","2,36","27,5","4,99",Sim,Bicicleta,1,0,Qua,Não,"4,77"
"55,55","9,13","29,04","4,35",Sim,Ônibus,6,0,Qua,Não,"12,4"
"52,72","9,41","29,25","3,88",Não,Ônibus,4,0,Ter,Não,"14,73"
"27,51","1,68","33,06","3,01",Não,Ônibus,4,0,Qui,Sim,"10,59"
"48,01","11,15","28,07","4,11",Sim,Ônibus,4,"2,28",Qua,Não,"9,01"
"26,79","7,7","33,24","3,42",Não,CarroApp,2,0,Seg,Não,"9,48"
"48,92","6,2","30,67","4,32",Sim,CarroApp,1,"6,27",Dom,Não,"14,25"
"25,95","6,24","30,49","3,76",Não,Ônibus,5,0,Qui,Não,"9,4"
"34,8","5,87","31,98","3,26",Não,Ônibus,3,0,Seg,Não,"10,44"
"70,53","13,4","28,56","4,08",Sim,Ônibus,6,"1,27",Seg,Não,"16,01"
"37,27","8,1","26,79","4,31",Não,Metrô,4,"6,41",Qua,Não,"7,01"
"37,64","7,13","26,18","5,26",Não,CarroApp,3,0,Qua,Não,"8,55"
"15,94","6,76","37,68","1,83",Não,Metrô,0,0,Ter,Não,"6,23"
"17,35","2,5","37,3","2,15",Não,Ônibus,5,,Qui,Não,"8,08"
"36,63","7,37","32,1","3,81",Não,Ônibus,6,"2,25",Sex,Não,"10,64"
"48,73","17,34","35,46","2,58",Não,Bicicleta,4,0,Qua,Não,"0,85"
"57,58","1,25","18,66","6,96",Sim,Ônibus,4,0,Ter,Não,"17,95"
5,"3,03","40,86","0,8",Não,Metrô,1,"2,46",Dom,Não,"4,61"
"55,7","14,21","27,94","4,02",Não,Ônibus,5,0,Seg,Não,"10,65"
"18,31","3,15","34,98","2,59",Sim,CarroApp,0,0,Sex,Não,"9,67"
"59,21","9,06","17,37","7,14",Sim,CarroApp,4,0,Sex,Não,"15,25"
"39,5","8,56","28,1","3,51",Não,Ônibus,4,"6,58",Seg,Não,"13,68"
"28,3","10,53","38,95","2,43",Não,Metrô,6,"4,02",Qui,Não,"3,12"
"57,67","7,97","24,2","5,42",Sim,Ônibus,5,0,Ter,Não,"15,63"
"36,93","8,76","32,21","4,04",Sim,CarroApp,2,0,Ter,Não,"13,57"
"68,21","9,57","11,17","8,49",Sim,Metrô,4,0,Sex,Não,"11,3"
"38,57","9,22","33,33","3,11",Não,CarroApp,6,0,Ter,Não,"8,83"
"8,7","2,19","40,45","0,95",Não,Ônibus,7,"9,76",Dom,Não,"7,13"
"46,38","5,05","21,27","5,88",Sim,Ônibus,7,"0,51",Qui,Não,"14,88"
"48,35","9,56","28,42","4,55",Não,CarroApp,5,"1,12",Qui,Não,"6,3"
"65,21","14,8","26,32","4,98",Não,Ônibus,9,"6,13",Qui,Não,"12,04"
"57,92","11,42","24,64","5,1",Não,CarroApp,6,0,Sex,Não,"13,72"
"68,05","14,55","28,97","4,73",Sim,Ônibus,10,0,Qui,Não,"15,17"
"9,32","4,25","39,2","1,09",Não,Bicicleta,2,0,Qui,Não,0
"38,31","9,26","32,32","3,15",Sim,Bicicleta,5,0,Dom,Não,"3,33"
"31,45","1,89","27,72","4,69",Sim,Metrô,1,0,Ter,Não,"9,32"
"57,65","11,37","30,37","4,47",Sim,Ônibus,5,0,Qua,Não,"14,79"
"12,55","4,81","38,64","1,34",Não,CarroApp,2,0,Sab,Não,"7,28"
"27,36","5,3","29,21","4,22",Não,Bicicleta,2,0,Seg,Não,"2,37"
"73,83","26,86","37,67","2,31",Não,Ônibus,5,0,Ter,Não,"11,66"
"37,24","6,85","30,56","4,01",Não,Ônibus,6,"7,75",Qui,Não,"11,75"
"65,8","4,55","16,69","7,57",Sim,CarroApp,1,0,Qua,Sim,"15,17"
"39,5","7,7","24,06","5,22",Sim,Metrô,4,"1,46",Qui,Não,"13,09"
"52,36","12,78","28,74","4,58",Sim,Metrô,6,0,Qua,Não,"9,13"
"36,75","3,02","24,05","5,45",Sim,Ônibus,1,"2,84",Ter,Não,13
"44,82","2,02","23,79","5,66",Sim,CarroApp,5,0,Sex,Não,"11,52"
"19,76","1,34","35,01","2,66",Não,Ônibus,1,"0,96",Seg,Não,"7,37"
"37,1","5,9","31,4",,Não,Ônibus,2,"2,74",Qua,Não,"7,64"
"35,04","9,33",,"3,46",Não,Metrô,4,0,Ter,Não,"8,99"
"27,14",7,"28,63","4,14",Não,CarroApp,5,"1,32",Seg,Não,"8,17"
"48,11","7,48","18,72","6,36",Sim,Bicicleta,1,0,Ter,Não,"6,03"
"41,4","12,5","28,57","4,19",Não,CarroApp,3,"2,08",Qui,Não,"8,79"
"24,31","3,56","27,14","4,52",Sim,Bicicleta,3,0,Qui,Não,"7,42"
"65,04","12,24","31,32","3,95",Não,CarroApp,9,"9,31",Sex,Sim,"9,03"
"52,4","8,88","14,01","7,56",Sim,Metrô,4,0,Sex,Não,"13,31"
"72,72","13,39","21,81","6,6",Sim,Metrô,4,0,Sex,Não,"11,51"
"27,06","7,37","40,04","2,14",Não,Ônibus,5,0,Ter,Não,"12,94"
"42,8","2,6","26,14","4,82",Sim,Bicicleta,2,"10,8",Ter,Não,"7,69"
"53,21","12,58","31,52","3,2",Não,Ônibus,8,"1,61",Qui,Não,"11,13"
"23,54","6,7","34,31","2,93",Não,Ônibus,3,"0,91",Ter,Não,"10,06"
"64,38","4,94","19,42","6,8",Sim,Metrô,4,"5,63",Sex,Sim,"10,35"
"45,74","5,25","24,43","5,9",Não,Ônibus,7,0,Sex,Não,"15,8"
"57,41","11,7","24,41","5,41",Sim,CarroApp,7,0,Seg,Não,"11,46"
"17,49","4,4","41,18","1,01",Não,Ônibus,4,0,Qua,Não,"12,02"
"27,32","6,08","32,9","3,27",Não,Ônibus,8,"1,43",Seg,Não,"9,69"
"25,73","6,68","33,13","3,05",Não,Ônibus,1,0,Qui,Não,"12,18"
"9,08","4,33","32,86","2,26",Não,CarroApp,4,"1,02",Dom,Não,"10,64"
"38,1","3,49","27,23","5,35",Sim,Ônibus,3,0,Qua,Não,"13,22"
"55,5","12,88","24,81","5,49",Sim,Ônibus,4,"2,9",Sex,Não,"13,25"
"37,82","8,67","29,21","4,27",Não,Ônibus,2,"0,54",Qui,Não,"9,89"
"44,86","4,79","18,71","6,54",Sim,Metrô,5,0,Qui,Não,"10,05"
"73,64","4,47","15,22","7,5",Sim,Ônibus,7,0,Ter,Sim,"18,69"
"51,6","4,3","28,76","4,72",Não,Ônibus,4,"3,46",Ter,Não,"12,98"
"53,82","7,82","26,08","5,02",Não,Ônibus,8,"2,77",Sex,Não,"10,96"
"28,64","2,23","21,33","6,09",Sim,CarroApp,1,0,Ter,Não,"12,66"
"34,84","6,89","30,78","3,53",Sim,CarroApp,1,"9,78",Seg,Não,"7,34"
"31,85","5,79","32,92","2,7",Não,Ônibus,6,0,Qua,Não,"6,65"
"39,58","1,67","25,79","5,04",Sim,CarroApp,0,0,Ter,Não,"12,39"
"55,53","1,55","16,83","6,82",Sim,Ônibus,4,0,Ter,Não,"16,43"
"43,31","13,72","34,84","2,55",Não,CarroApp,6,0,Sab,Não,"8,47"
"65,57","17,09","28,82","4,17",Não,Bicicleta,10,0,Sex,Não,"2,54"
5,"0,5","38,07","2,47",Não,CarroApp,1,"1,85",Seg,Não,"6,72"
"52,86","9,53","29,27","4,53",Não,Ônibus,9,0,Sex,Não,"12,41"
"49,86","9,85","28,71","4,47",Sim,CarroApp,4,0,Ter,Não,"10,41"
"24,4","4,92","33,58","3,1",Não,CarroApp,0,"8,24",Seg,Não,"6,97"
50,"1,52","20,54","6,31",Sim,Ônibus,3,0,Ter,Não,"12,35"
"40,76","5,85","33,43","3,36",Não,Ônibus,5,"0,37",Sex,Não,"10,12"
"24,84","4,71","33,62","3,33",Não,CarroApp,1,"6,33",Ter,Não,"11,6"
"35,76","11,87","40,92","1,33",Não,Ônibus,5,0,Seg,Não,"9,36"
"40,98","13,74","32,73","3,19",Não,Metrô,4,"1,92",Seg,Não,"3,39"
5,"5,26","36,59","1,97",Não,Bicicleta,0,0,Dom,Não,2
"22,61","3,53","26,14","4,56",Sim,CarroApp,0,0,Qua,Não,"13,71"
"37,08","6,95","28,58","4,58",Sim,CarroApp,2,"7,49",Ter,Não,"13,25"
"59,01","7,08","26,71","4,88",Não,Ônibus,5,"3,87",Sex,Sim,"10,07"
"41,36","4,15","24,92","5,05",Não,Ônibus,6,"2,82",Sex,Não,"15,31"
"22,93","7,22","33,31","2,68",Não,CarroApp,3,"4,55",Qui,Não,"9,01"
"71,48","2,42","12,17","8,81",Sim,Ônibus,5,0,Qui,Não,"20,66"
"17,96","1,45","32,33","2,75",Não,Ônibus,4,"0,71",Qui,Não,"10,08"
"6,54","4,38","34,95","2,19",Não,Metrô,2,0,Qua,Não,"2,41"
"42,29","8,9","32,34","3,16",Não,Ônibus,7,"3,73",Sex,Não,"8,95"
"48,26","-3,94","24,93","5,75",Sim,Metrô,1,0,Sex,Não,"7,2"
"42,68","2,51","15,8","6,45",Sim,Metrô,1,0,Sex,Não,"11,32"
"26,95","4,53","28,06","4,26",Não,CarroApp,3,0,Sex,Não,"8,21"
"56,88","5,51","24,49","5,49",Não,Ônibus,8,0,Sex,Não,"11,58"
5,"3,72","37,49","2,4",Não,Metrô,1,,Seg,Não,"3,55"
"32,15","2,96","27,25","4,44",Sim,Metrô,0,0,Qua,Não,"11,04"
"12,32","6,75","37,8","1,65",Não,Metrô,3,0,Qua,Não,"4,66"
"54,64","5,25","20,66","6,33",Sim,Bicicleta,3,"8,51",Seg,Sim,"8,42"
"55,12","6,36","22,39","6,45",Sim,Ônibus,7,"4,09",Qua,Não,"18,4"
"18,17","7,44","38,24","1,8",Não,Bicicleta,4,,Dom,Não,"1,08"
"18,4","7,41","32,37","2,98",Não,Metrô,4,0,Qua,Não,"3,7"
"27,33","3,6","31,73","2,92",Não,CarroApp,2,"2,65",Ter,Não,"9,76"
"46,39","6,81",,"3,69",Não,Ônibus,8,"2,23",Sex,Não,"9,12"
"28,82","7,56","36,9","2,1",Não,Ônibus,6,"3,79",Ter,Não,"9,61"
"13,73","5,5","35,53","2,49",Não,Metrô,4,0,Qui,Não,"3,35"
"87,84","12,42","17,98","7,33",Sim,Ônibus,13,"7,67",Sex,Não,"14,67"
"50,48","9,45","25,49","4,42",Não,Ônibus,7,0,Ter,Não,"9,33"
"23,8","3,4","35,24","2,93",Não,Ônibus,2,"2,6",Seg,Não,"7,84"
"34,39","3,92","31,03","4,56",Não,Metrô,6,0,Seg,Não,"7,07"
"44,44","5,72","28,22","4,75",Sim,Ônibus,2,0,Seg,Não,"16,53"
"45,07","5,19","29,91","3,6",Sim,Ônibus,6,0,Qua,Não,"13,97"
"65,64","20,73","22,61","5,48",Não,Metrô,10,0,Qua,Não,"8,3"
"9,67","3,54","33,21","3,01",Não,Bicicleta,0,"2,45",Seg,Não,"3,02"
"60,75","9,02","8,94","8,62",Sim,CarroApp,3,"1,28",Seg,Não,"13,89"
"32,62","9,37","30,03","4,65",Não,Metrô,5,"2,59",Ter,Não,"7,64"
"60,66","17,64","37,75","1,82",Não,Ônibus,11,"2,63",Ter,Não,"11,35"
"42,88","7,67","23,95","5,12",Sim,Bicicleta,1,0,Qua,Não,"4,92"
"13,73","5,13","34,84","2,67",Não,Bicicleta,1,0,Ter,Não,"1,87"
"37,65","1,71","29,21","4,09",Não,Ônibus,3,"4,26",Sex,Não,"14,11"
5,"4,53","36,48","2,19",Não,Metrô,0,"1,63",Qui,Não,"7,39"
"38,88","12,44","36,52","1,59",Não,Ônibus,4,"7,48",Qua,Não,"4,58"
"13,18","2,89","34,3","2,8",Não,Bicicleta,1,0,Ter,Não,"4,06"
"57,88","4,11","19,11","6,99",Sim,Ônibus,4,0,Ter,Não,"17,71"
"29,42","6,64",37,"1,86",Não,Ônibus,7,0,Ter,Não,"9,63"
"44,58","1,69","30,93","4,23",Não,Ônibus,6,0,Qui,Sim,"12,59"
"51,66","6,95","20,26","6,89",Sim,CarroApp,4,0,Sex,Não,"11,6"
"31,21","7,52","29,17","4,47",Não,Ônibus,3,"2,59",Seg,Não,"7,16"
"16,6","7,74","37,82","1,88",Não,CarroApp,5,0,Dom,Não,"6,1"
"30,27","4,36","29,04","4,39",Não,CarroApp,5,0,Ter,Não,"11,43"
"67,49","10,77","25,17","6,01",Sim,CarroApp,10,0,Ter,Não,"15,71"
"40,73","2,94","24,87","5,89",Sim,Metrô,3,0,Qua,Não,"10,31"
"45,44","4,09","33,47","3,64",Sim,Metrô,2,0,Seg,Sim,"8,21"
"33,61","8,8","33,29","2,82",Não,Ônibus,3,"1,88",Qui,Não,"8,78"
"33,46","10,48","34,87","2,67",Sim,Metrô,7,0,Dom,Não,"8,27"
"62,98","10,42","20,02","6,48",Sim,Ônibus,6,"3,9",Qua,Não,"13,24"
"78,15","15,92","25,57","5,58",Sim,CarroApp,5,0,Ter,Sim,"15,21"
"13,21","2,17","37,01","2,48",Não,Metrô,2,"2,1",Qui,Não,"5,93"
"25,92","6,74","34,81","3,15",Não,Bicicleta,1,"1,47",Ter,Não,"5,43"
"26,35","11,96","42,04","0,94",Não,Ônibus,6,0,Sab,Não,"6,19"
"22,94","2,28","25,75","5,11",Sim,Metrô,1,0,Seg,Não,"8,07"
"16,08","8,29","32,13","3,18",Não,Metrô,5,"7,98",Seg,Não,"3,88"
"64,73","14,67","21,64","6,08",Sim,Metrô,3,"0,9",Qui,Não,"6,11"
"13,29",2,"35,47","1,94",Não,CarroApp,1,0,Dom,Não,"9,68"
"47,44","3,29","26,04","5,19",Sim,Ônibus,4,0,Sex,Não,"12,14"
"17,51","4,99",35,"2,55",Não,Metrô,2,0,Seg,Não,"6,08"
"29,61","4,16","27,97","4,14",Não,CarroApp,3,"2,54",Ter,Não,"11,78"
"10,61","5,45","32,62","3,4",Não,CarroApp,3,0,Qua,Não,"8,73"
"42,07","6,09","34,81","2,73",Não,Ônibus,10,0,Seg,Não,"12,98"
"38,65","4,08","22,69","6,09",Sim,Metrô,0,0,Seg,Não,"9,29"
"12,68","6,44","38,57","1,87",Não,CarroApp,1,"1,34",Seg,Não,"4,6"
"54,97","19,74","29,8","2,93",Não,Bicicleta,6,0,Qui,Não,"2,14"
"45,89","11,61","30,68","3,94",Não,Ônibus,8,0,Ter,Não,"8,64"
"34,56","2,06","18,99","6,05",Não,Ônibus,4,0,Sex,Não,"11,35"
"11,7","1,78","22,56","5,35",Não,CarroApp,0,0,Seg,Não,"11,67"
"68,11","11,93","28,17","4,96",Não,Ônibus,10,"1,68",Sex,Não,"13,32"
"29,8","9,82","32,71","3,2",Não,Metrô,3,0,Ter,Não,"6,88"
"74,63","5,02",23,"6,44",Sim,Ônibus,3,0,Sex,Não,"18,82"
"37,31","4,93","30,35","4,06",Sim,Ônibus,2,0,Dom,Não,"14,05"
"38,72","6,03",,"6,41",Sim,Metrô,1,"2,12",Sex,Sim,"12,41"
"51,92","13,7","29,74","4,01",Não,Ônibus,8,"7,81",Seg,Não,"10,06"
"51,24","5,26","21,49","6,29",Sim,Ônibus,4,"0,9",Qui,Não,"12,88"
"37,75","8,67",34,"2,64",Não,Ônibus,4,0,Seg,Não,"13,82"
"45,43","10,08","28,33","4,31",Não,Bicicleta,4,0,Seg,Não,"5,32"
"51,48","13,02","26,54","5,36",Não,Bicicleta,5,0,Sex,Não,"6,06"
"32,99","12,36","46,45","0,42",Não,Ônibus,6,0,Sab,Não,"9,27"
"40,69","7,67","26,48","4,26",Não,Ônibus,6,"4,22",Seg,Não,"9,87"
"65,54","8,86","22,97","5,47",Sim,Ônibus,8,"2,66",Qui,Não,"15,49"
"34,42","10,51","29,58","4,18",Não,Metrô,6,0,Sex,Não,"11,28"
"37,61","-4,22","24,86","5,44",Sim,Metrô,4,"0,16",Qui,Não,"9,34"
"8,01","0,54","33,48","3,7",Não,Metrô,2,5,Sex,Não,"5,61"
"24,38","6,18","31,13","3,69",Não,Metrô,4,0,Qua,Não,"2,63"
"37,57","2,71","24,56","5,25",Sim,Ônibus,5,"6,51",Qua,Não,"12,07"
"33,2","0,57","27,29","5,21",Não,Ônibus,3,"5,34",Sex,Não,"11,73"
"34,44","6,21","36,68","2,42",Não,Ônibus,3,"2,17",Qua,Não,"9,53"
"44,84","2,06","23,64","5,88",Sim,Ônibus,5,"3,51",Seg,Não,"16,24"
"32,49","2,48","23,13","5,61",Sim,Bicicleta,1,0,Qui,Não,"9,15"
"41,28","6,59","33,31","3,73",Sim,Metrô,7,"0,97",Qui,Não,"9,34"
"21,81","9,2","40,93",,Não,Ônibus,6,0,Qua,Não,"8,92"
"49,43","11,94","31,32","3,16",Não,CarroApp,5,"4,72",Qua,Não,"11,39"
"40,03","10,85","24,51","4,52",Não,Metrô,5,0,Ter,Não,"6,85"
"46,32","6,47","20,9","5,89",Sim,Ônibus,8,"0,37",Sex,Não,"15,21"
"42,42","3,74","24,77","5,39",Sim,Metrô,0,0,Ter,Não,"8,66"
"20,26",3,"29,03","4,03",Não,CarroApp,0,0,Qua,Não,"6,3"
"17,37",10,"35,34","2,37",Não,Metrô,7,0,Qui,Não,"5,03"
"61,65","12,17","26,64","4,93",Não,Ônibus,8,"5,36",Qui,Não,"12,98"
"35,05","8,38","30,77",,Não,CarroApp,5,"1,07",Seg,Não,"9,86"
"68,56","21,18","32,24","3,55",Não,Ônibus,10,0,Sex,Não,"10,47"
"18,89","4,14","31,15","3,2",Não,Bicicleta,1,0,Seg,Não,"1,49"
"77,21","9,29","12,92","7,43",Sim,Ônibus,3,"4,89",Sex,Não,"18,9"
"15,93","4,11","32,92","3,35",Não,Metrô,2,"3,6",Ter,Não,"8,19"
"13,99","4,49","40,95","1,04",Não,CarroApp,2,0,Qui,Não,"10,01"
"37,34","5,56","27,52","4,94",Não,Ônibus,2,"4,21",Sex,Não,"11,66"
"12,6","6,28","33,39","2,9",Não,CarroApp,1,0,Seg,Não,"6,91"
"95,51","17,23","21,91","6,02",Sim,Ônibus,15,"0,35",Ter,Não,"17,61"
"79,52","14,57","15,99","6,72",Sim,Ônibus,6,0,Seg,Não,"15,01"
"9,82","3,15","38,35","1,63",Não,CarroApp,3,0,Qui,Não,"9,2"
"33,17","7,27","29,35","3,95",Não,CarroApp,2,"2,25",Sex,Não,"9,57"
"31,99","2,42","27,44","4,35",Não,CarroApp,1,0,Sex,Não,"11,4"
"24,4","3,57","27,78","4,93",Sim,CarroApp,2,0,Sab,Não,"12,23"
"39,85","2,47","31,27","4,32",Sim,Ônibus,4,0,Ter,Não,"13,54"
"63,94","6,68","19,14",7,Sim,Ônibus,5,0,Qua,Não,"17,25"
"20,14","6,1","40,66","1,71",Não,Ônibus,6,0,Dom,Não,"10,67"
"45,78","3,78","15,57","7,86",Sim,Ônibus,1,0,Qui,Não,"17,66"
"33,44","5,09","32,61","3,75",Sim,CarroApp,4,0,Qua,Não,"12,65"
"72,57","15,66","17,73","6,71",Sim,Ônibus,8,0,Qua,Não,"16,29"
"65,18","11,98",8,10,Sim,Metrô,4,"2,62",Sex,Não,"11,77"
"33,74","11,47","37,82","1,85",Não,Ônibus,2,"2,28",Qui,Não,"6,29"
"43,26","8,32","34,5","3,14",Não,Ônibus,8,"2,17",Qua,Não,"13,25"
"18,67","2,74","35,49","2,41",Não,Bicicleta,1,0,Seg,Não,"8,35"
"30,09","6,43","28,67","4,08",Não,CarroApp,2,"1,29",Seg,Não,"10,56"
"62,69","6,64","22,07","5,84",Sim,Ônibus,8,"2,75",Qua,Não,"16,64"
"42,27",6,"19,34","6,79",Sim,Ônibus,2,0,Qui,Não,"16,25"
"27,55","6,78","32,41","2,42",Não,Ônibus,4,0,Dom,Não,"11,39"
"14,08","2,25","31,64","2,91",Não,Ônibus,3,0,Seg,Não,"9,98"
"63,51","2,19","15,07","7,51",Sim,Ônibus,4,0,Sex,Não,"20,06"
"52,23","4,83","23,39","6,16",Sim,Bicicleta,2,"4,37",Ter,Não,"8,31"
"74,43","19,94","27,83","5,1",Sim,Ônibus,9,0,Ter,Não,"15,5"
"67,22","9,11","26,41","5,64",Sim,Ônibus,5,,Qui,Não,"18,79"
"43,36","3,05","24,28","5,27",Sim,Ônibus,2,"4,42",Dom,Não,"15,4"
"6,07","3,41","38,53","1,38",Não,CarroApp,2,0,Dom,Não,"11,11"
"30,56","12,12","35,57","2,1",Não,Metrô,4,0,Qua,Não,"5,72"
"25,27","8,82","35,08","2,86",Não,Metrô,3,"8,11",Qua,Não,"2,61"
"34,03","4,93","31,15","3,97",Sim,CarroApp,4,"2,76",Seg,Não,"10,31"
"40,15","12,87","29,51","3,88",Não,Metrô,5,0,Sex,Não,"5,12"
"25,56","4,82","27,73","3,98",Não,Metrô,1,"2,15",Qui,Não,"8,81"
"48,23","7,14","28,08","4,84",Sim,CarroApp,7,"0,83",Qui,Não,"11,86"
"54,39","12,24","25,19","4,76",Sim,Metrô,13,0,Qui,Não,"11,71"
"27,72","11,08","37,7","1,71",Não,Bicicleta,8,0,Sab,Não,"2,3"
"31,83","2,54","36,07","2,6",Não,Ônibus,3,0,Qui,Não,"10,7"
"12,37","0,98","31,73","3,16",Não,Metrô,3,"5,55",Seg,Não,"6,52"
"44,53","3,53","28,55","4,54",Sim,CarroApp,0,"8,27",Qua,Sim,"10,36"
"21,52","8,97","36,2","2,11",Não,Ônibus,4,0,Dom,Não,"6,31"
"38,86","5,62","23,29","5,77",Sim,Bicicleta,2,"2,11",Ter,Não,"8,35"
"37,54","7,17","32,04","3,3",Não,Ônibus,7,0,Ter,Não,"11,32"
"29,09",10,"39,37","1,75",Não,Metrô,5,"4,87",Sab,Não,
"37,22","4,96","36,43","3,01",Não,Ônibus,5,0,Sex,Não,"12,21"
"34,1",6,"32,64","3,34",Não,Ônibus,4,"5,39",Sex,Não,"12,98"
"30,98","9,98","37,39","2,23",Não,CarroApp,4,"1,9",Qui,Não,"9,01"
"24,12","4,85","30,79","4,07",Não,CarroApp,5,0,Qui,Não,"9,66"
"19,96","3,38","36,1","2,4",Não,Metrô,1,0,Qua,Não,"8,58"
"108,85","18,87","19,11","7,55",Sim,Ônibus,9,0,Qua,Sim,"21,09"
"34,92","3,22","29,7","4,13",Não,Ônibus,4,0,Sex,Não,"14,5"
"41,77","9,29","28,34","4,78",Não,Ônibus,8,0,Ter,Não,"9,04"
"6,75","6,75","37,19","1,29",Não,Metrô,1,0,Sab,Não,"4,66"
"32,73","9,25","38,59","2,54",Não,Ônibus,10,0,Ter,Não,"9,32"
"38,49",,"27,17","4,91",Não,Metrô,3,0,Qua,Não,"9,3"
"12,19","2,79","34,16","2,31",Não,Metrô,0,"2,9",Dom,Não,"8,83"
"30,64","10,76","38,18","2,12",Não,Ônibus,5,0,Qui,Não,"5,16"
"63,74","14,61","18,49","6,62",Sim,Bicicleta,3,"2,43",Seg,Não,"10,81"
"49,13","2,17","24,19","6,1",Sim,Ônibus,4,0,Ter,Sim,"16,53"
"10,46","3,72","41,37","1,34",Não,Ônibus,4,0,Dom,Não,"9,41"
"43,74","4,66","17,94","6,46",Sim,Metrô,2,0,Seg,Não,"12,99"
"46,18","4,38","24,98","5,83",Sim,CarroApp,1,0,Ter,Não,"12,83"
"16,44","3,81","35,72","2,71",Não,CarroApp,4,"2,68",Sex,Não,"9,27"
"34,28","6,11","26,26",,Não,Ônibus,7,0,Qui,Não,"10,09"
5,"8,94","40,27","1,02",Não,Metrô,2,0,Sab,Não,"1,18"
"47,26","8,81","17,45","7,12",Sim,Metrô,3,0,Seg,Não,"7,97"
"49,81","4,46","25,78","5,01",Sim,Ônibus,3,0,Seg,Não,"13,7"
"53,27","7,93","17,73","6,43",Sim,CarroApp,3,0,Qua,Não,"13,32"
"40,78","3,36","18,99","6,46",Sim,Bicicleta,1,0,Sex,Não,"6,39"
"42,46","5,26","22,78","5,09",Sim,Ônibus,4,"3,64",Qui,Não,"16,28"
"25,56","4,6","23,6","5,43",Não,Metrô,1,"3,7",Sex,Não,"10,28"
"65,51","8,07","21,48","7,06",Sim,Ônibus,5,0,Sex,Não,"17,97"
"59,57","11,21","25,87","5,04",Sim,Ônibus,6,"13,25",Qua,Não,"12,44"
"46,45","13,66","30,07","3,45",Não,Ônibus,10,0,Ter,Não,"11,78"
"38,96","6,79","29,39","4,57",Não,CarroApp,3,0,Sex,Não,"11,55"
"74,9","23,32","37,54","1,97",Não,Ônibus,13,0,Ter,Não,"11,88"
"42,15","1,84","28,4","4,63",Não,Ônibus,2,"1,57",Ter,Não,"14,53"
"53,67","19,99","41,22","1,05",Não,Ônibus,8,0,Seg,Não,"12,01"
"111,05","23,74","23,37","5,91",Não,Ônibus,17,0,Sex,Sim,"11,38"
"27,66","19,06","33,9","2,97",Não,Metrô,4,"1,85",Sab,Não,"5,12"
"42,15","11,33","28,17","4,63",Não,Metrô,4,0,Sex,Sim,"5,75"
"56,39","15,63","28,12","4,65",Não,Bicicleta,7,0,Sex,Não,"2,46"
"18,37","2,23","30,58","3,39",Não,Metrô,1,0,Qua,Não,"7,72"
"39,77","11,2","29,71","4,2",Não,CarroApp,6,"6,58",Sex,Não,"13,91"
"74,83",9,"13,41","7,86",Sim,Ônibus,5,0,Sex,Não,16
"36,37","3,88","22,92","5,51",Sim,CarroApp,1,0,Ter,Não,"12,91"
"61,87","1,6","18,78","7,29",Sim,Ônibus,6,0,Sex,Não,"17,97"
"57,74","7,93","23,92","5,41",Sim,Ônibus,7,0,Seg,Não,"11,14"
"18,57","3,68","26,05","4,59",Não,Metrô,0,0,Qua,Não,"6,8"
"37,53","7,45","26,23","5,23",Não,CarroApp,2,0,Seg,Não,"10,94"
"30,86","8,73","29,73","4,17",Sim,Metrô,3,"2,09",Seg,Não,"9,6"
"22,82","3,23","32,28","3,07",Não,Ônibus,2,0,Qua,Não,"11,8"
5,"5,26","35,49",2,Não,Metrô,2,0,Ter,Não,"6,07"
"66,23","7,33","12,35","8,66",Sim,Bicicleta,0,"0,52",Sex,Não,"11,96"
"38,46","4,71","24,75","5,69",Sim,CarroApp,1,"8,93",Sex,Não,"11,62"
"21,36","1,2","31,47","3,39",Não,Ônibus,8,"8,34",Seg,Não,"8,87"
"71,9","16,37","21,56","6,08",Sim,Metrô,6,"0,98",Qua,Não,"11,13"
"42,06","10,31","27,66","4,69",Sim,Metrô,5,"3,05",Qui,Não,"12,17"
"33,09","6,93","34,35","2,32",Não,Ônibus,7,0,Seg,Não,"9,75"
"9,61","1,24","31,72","3,3",Não,Metrô,3,0,Sex,Não,"6,18"
"19,47","8,07","33,69","2,91",Não,Bicicleta,1,"3,93",Qui,Não,"4,28"
"37,16","0,5","25,07",5,Sim,Ônibus,2,0,Seg,Não,"17,06"
"49,16","7,88","17,98","7,03",Sim,Ônibus,7,0,Ter,Não,"8,93"
5,"5,98","40,31","1,51",Não,Metrô,3,0,Seg,Não,"3,06"
"77,51","10,66","23,12","6,52",Sim,Ônibus,9,0,Seg,Sim,"15,8"
"16,09","4,39","33,14","2,97",Não,Metrô,1,0,Qui,Não,"5,95"
"34,23","6,78","26,86","4,68",Não,Metrô,2,0,Qua,Não,"5,08"
"22,8","2,01","26,27","5,32",Sim,Metrô,1,0,Seg,Não,"9,63"
"71,75","12,89","14,02","8,04",Sim,Ônibus,6,"6,89",Sex,Não,"14,34"
"50,4","10,48","25,92","5,23",Sim,Ônibus,2,"6,44",Qua,Não,"13,49"
5,"1,44","36,42","1,92",Não,Metrô,0,0,Seg,Não,"9,91"
"47,61","5,63","30,98","3,41",Sim,Ônibus,4,,Dom,Não,"11,39"
"65,56","2,59","18,81","7,35",Sim,Ônibus,2,0,Sex,Não,"18,4"
"25,78","18,82","46,96","0,2",Não,Ônibus,10,"3,06",Dom,Não,"4,2"
"64,48","5,38","18,61","6,29",Sim,CarroApp,2,0,Qua,Não,"19,61"
"41,07","5,37","23,4","5,27",Não,Ônibus,4,"0,6",Sex,Não,"12,63"
"57,27","5,61","16,62","6,95",Sim,Ônibus,2,0,Qui,Não,"14,93"
"24,79","2,42","27,61","4,53",Sim,Metrô,2,0,Sex,Não,"11,72"
"37,8","3,07","28,03","3,98",Não,Ônibus,1,0,Qua,Não,"9,22"
"47,44","6,53","26,57","5,12",Sim,Ônibus,4,0,Ter,Não,"14,02"
"41,26","11,92","31,47","3,98",Não,Ônibus,5,0,Qui,Não,"7,38"
"50,2","9,35","18,23","6,65",Não,Ônibus,5,0,Ter,Não,"11,26"
"27,16","7,04","29,45","3,15",Não,CarroApp,0,"4,44",Sex,Não,"7,96"
"40,08","10,07","25,85","5,21",Sim,Metrô,3,0,Dom,Não,"6,63"
"22,15","10,93","42,39","0,05",Não,Ônibus,4,0,Seg,Não,"6,58"
"74,12","17,99","27,94","4,09",Não,Ônibus,4,"1,49",Seg,Não,"12,88"
"35,27","9,85",,"3,72",Não,Ônibus,6,0,Sab,Não,"10,94"
"29,05","5,63","35,41","2,48",Não,Ônibus,5,0,Qui,Não,"8,43"
"29,76","4,65","32,67","3,51",Não,Ônibus,2,"6,89",Qui,Não,"-4,34"
"58,59","16,06","27,62","4,38",Não,Ônibus,7,0,Qua,Não,"7,56"
"22,99","7,03","32,24","3,35",Não,Bicicleta,4,0,Qui,Não,0
"47,17","5,3","17,27","6,94",Sim,Metrô,3,0,Qua,Não,"12,49"
"39,3","6,25","33,07","3,47",Sim,Ônibus,4,0,Ter,Não,"12,29"
"40,37","9,97","35,7","2,66",Não,Ônibus,9,"5,24",Qui,Não,"8,65"
"32,87","2,86","34,08",3,Não,Ônibus,1,"3,16",Qui,Não,"12,1"
"20,83","2,48","32,44","3,11",Não,Ônibus,1,0,Qua,Não,
"32,71","7,24","34,91","2,5",Não,Bicicleta,4,0,Sex,Não,"1,77"
"62,21","13,56","28,44","4,43",Sim,Ônibus,2,"1,65",Ter,Não,"13,01"
"51,76","7,91","22,51","5,48",Não,Bicicleta,1,0,Qui,Não,"8,75"
"32,24","2,98","22,64","5,7",Sim,Metrô,2,0,Ter,Não,"11,78"
"14,76","4,96","30,93","3,75",Não,CarroApp,2,0,Qua,Não,"8,67"
"35,28","0,96","30,09","3,94",Sim,Ônibus,1,0,Seg,Não,"15,94"
"36,57","2,62","26,16","5,16",Não,Ônibus,6,0,Qui,Não,"11,16"
"31,53","3,77","28,97","4,68",Sim,Bicicleta,2,0,Ter,Não,"7,98"
"42,46","9,05","26,41","4,7",Não,Metrô,3,0,Ter,Não,"7,98"
"40,65","5,56","25,51","5,19",Sim,Bicicleta,2,0,Seg,Não,"9,4"
"29,1","6,99","36,88","2,11",Não,Metrô,4,0,Ter,Não,"7,56"
"8,49","1,66","35,49","2,85",Não,Metrô,1,0,Ter,Não,"5,79"
"13,73","1,26","32,69","3,41",Não,Bicicleta,2,"4,92",Sab,Não,"6,23"
"32,84","3,58","33,3","2,94",Não,Ônibus,9,0,Seg,Não,"9,77"
"70,5","11,37","18,59","6,98",Sim,CarroApp,4,0,Ter,Não,"14,56"
"21,65","4,36","30,49","3,77",Não,Ônibus,3,"0,51",Sex,Não,"9,15"
"65,45","18,84","28,94","3,6",Não,Ônibus,16,"3,35",Sex,Não,"4,92"
"32,57","13,42","40,45","0,83",Não,CarroApp,2,"5,25",Dom,Não,"8,91"
"25,94","5,58","36,56","2,78",Não,Ônibus,1,"5,8",Seg,Não,"12,81"
"26,48","5,25","44,57","0,11",Não,Ônibus,10,"1,39",Dom,Não,"11,18"
"48,14","8,55","29,37","4,23",Não,CarroApp,3,0,Sex,Sim,"13,04"
"51,25","5,07","20,32","7,14",Sim,Metrô,1,0,Seg,Não,"12,27"
"35,95","11,52","33,3","3,27",Não,Bicicleta,3,0,Qui,Não,"0,92"
"42,18","9,53","32,77","3,03",Não,Ônibus,2,"2,57",Qui,Não,"7,99"
"31,95","4,73","26,38","4,84",Sim,Metrô,2,0,Qua,Não,"10,1"
"15,76","2,26","39,22","2,12",Não,Ônibus,5,"6,2",Seg,Não,"8,03"
"6,46","4,15","39,06","1,37",Não,Bicicleta,3,0,Dom,Não,"3,68"
"28,85","3,66","36,54","1,91",Não,Ônibus,2,0,Ter,Não,"9,89"
"11,48","2,49","32,11","3,19",Não,CarroApp,1,0,Ter,Não,"9,73"
"55,36","12,46","25,88","5,1",Sim,Metrô,7,0,Qui,Não,"10,6"
"37,03","-1,6","29,88","3,52",Não,Ônibus,1,0,Qui,Não,"11,03"
"51,61","7,2","30,03","4,88",Sim,Ônibus,4,0,Dom,Não,"16,55"
"29,33","5,34","25,42","4,41",Não,Metrô,6,0,Sex,Não,"7,03"
"43,72","15,36","29,33","3,85",Não,Metrô,2,"2,5",Sex,Não,"7,65"
"31,93","1,28","26,65",5,Sim,Ônibus,2,"4,1",Ter,Não,"15,17"
5,"2,38","39,17","1,66",Não,Ônibus,1,0,Sab,Não,"9,35"
"41,01","10,02","37,05","1,77",Não,Ônibus,4,"3,6",Qui,Não,"11,34"
44,"8,39","29,61","4,28",Sim,Bicicleta,7,0,Dom,Não,"5,33"
"45,37","8,88","28,15","4,46",Sim,Metrô,5,"2,69",Ter,Não,"10,22"
"61,7","13,18","23,99","5,33",Não,Ônibus,8,0,Sex,Não,"13,71"
"32,3","7,82","31,49","3,65",Não,Metrô,3,0,Ter,Não,"4,85"
"23,73","2,71","29,2","4,84",Não,CarroApp,1,"3,16",Sex,Não,"11,74"
"38,86","4,78","31,78","3,72",Sim,Ônibus,1,0,Dom,Não,"14,74"
"46,14","9,37","31,22","3,07",Sim,CarroApp,4,"2,03",Qua,Não,"12,08"
"86,24","17,57","22,56","5,91",Sim,Ônibus,5,"3,53",Qui,Sim,"16,79"
"57,92","4,31","19,5","6,12",Sim,CarroApp,2,0,Sex,Não,"-6,62"
"51,86","7,28","28,76","4,42",Sim,Bicicleta,1,"6,95",Qua,Não,"3,25"
"40,63","3,13","29,97","4,27",Não,Ônibus,1,"3,91",Qua,Não,"15,43"
"54,81","12,66","25,99","5,29",Não,Ônibus,3,"1,69",Seg,Não,"12,63"
"65,52","17,26","27,86","3,74",Não,CarroApp,7,0,Qua,Não,"7,95"
"72,31","10,47","29,89","3,87",Sim,CarroApp,7,0,Ter,Sim,"13,32"
"27,35","1,59","33,87","2,7",Não,Ônibus,4,"2,71",Seg,Não,"10,42"
"53,18","14,38","27,21","4,37",Não,CarroApp,9,0,Seg,Não,"8,57"
"39,71","6,94","29,07","4,81",Não,CarroApp,1,0,Sex,Não,"9,4"
"50,33","3,4",22,"5,78",Sim,Ônibus,8,"3,04",Qua,Sim,"15,14"
5,"3,56","44,37",0,Não,Metrô,2,0,Dom,Não,"2,76"
"36,48","4,22","32,57","2,93",Não,Ônibus,4,"3,06",Ter,Não,"13,67"
"34,29","3,59","26,9","4,4",Não,Ônibus,3,0,Sex,Não,"14,7"
"41,35","11,44","32,18","3,86",Não,Bicicleta,3,"6,39",Sex,Não,"4,99"
"33,5","12,34","40,02","1,4",Não,Ônibus,6,0,Sab,Não,"8,51"
"13,95","4,48","35,53","2,38",Não,CarroApp,1,0,Ter,Não,"9,78"
"22,79","4,42","32,04","3,63",Não,CarroApp,2,0,Sab,Não,"10,68"
"53,63","2,8","19,42","7,07",Sim,Ônibus,3,0,Sex,Não,"17,7"
"39,08","13,12","27,73","5,09",Não,Metrô,3,"6,61",Seg,Não,"8,69"
"33,56","6,84","42,37","0,31",Não,Ônibus,6,"3,38",Dom,Não,"3,75"
5,"1,31","34,57","2,31",Não,Metrô,0,0,Sab,Não,"5,57"
"47,49","4,57","27,91","5,39",Sim,Ônibus,2,0,Qui,Não,"16,48"
"60,18","4,67","19,86","6,37",Sim,Ônibus,2,0,Seg,Não,"17,31"
"33,42","6,33","25,65","5,13",Sim,Metrô,3,0,Seg,Não,"11,33"
"25,92","1,73","31,28","3,47",Não,Metrô,0,0,Sex,Sim,"7,32"
"31,47","3,59","36,68","2,5",Não,Ônibus,5,0,Qua,Não,"14,17"
"24,11","10,22","37,03","2,25",Não,CarroApp,1,"7,14",Sab,Não,"5,95"
"49,89","11,61","22,73","5,93",Não,Metrô,5,"1,71",Sex,Não,"7,48"
"31,01","7,89","31,49","3,44",Sim,Ônibus,6,,Dom,Não,"11,11"
"33,82","6,63","32,44","2,74",Não,Ônibus,6,0,Seg,Não,"10,45"
"28,33","2,93","33,19","3,14",Não,Ônibus,3,0,Ter,Não,"11,25"
"11,53","3,59","37,11","2,03",Não,Metrô,3,0,Sex,Não,"6,61"
"59,38","13,89","23,77","6,15",Sim,CarroApp,1,0,Sex,Não,"11,26"
"61,83","4,53","18,54","7,13",Sim,Ônibus,5,0,Sex,Não,"15,57"
"17,29","4,03","33,27","2,64",Não,CarroApp,0,0,Ter,Não,"9,95"
"29,85","5,81","33,04","2,95",Não,Metrô,2,"10,56",Seg,Sim,"5,21"
"23,55","9,9","37,14","1,94",Não,CarroApp,4,"4,83",Dom,Não,"9,07"
"41,77","5,59","25,86","5,29",Sim,CarroApp,4,0,Qui,Não,"10,12"
"37,41","7,73","26,61","4,51",Sim,Bicicleta,0,0,Qui,Não,"2,6"
"42,49","7,51","26,8","4,89",Não,Ônibus,4,0,Sex,Não,"10,21"
"28,13","6,77","26,87","4,29",Não,Metrô,5,0,Ter,Não,"6,77"
"17,34","5,38","30,22","3,54",Sim,Metrô,2,0,Seg,Não,"9,53"
"59,2","8,4","21,53","6,02",Sim,CarroApp,3,"3,55",Sex,Não,"13,26"
49,"5,77","24,98","5,51",Não,Bicicleta,2,"7,45",Sex,Sim,"5,76"
"60,04","8,73","14,34","7,48",Sim,Ônibus,8,"5,31",Ter,Não,"16,72"
"23,8","0,69","32,6","3,67",Sim,Ônibus,2,0,Qua,Não,"13,61"
"62,3","4,83","22,01","6,52",Sim,Ônibus,7,0,Sex,Não,"15,16"
"44,92","10,04","34,85","2,24",Não,Ônibus,7,0,Qui,Não,"10,41"
"63,22","3,49","20,11","6,83",Sim,Ônibus,8,0,Ter,Sim,"14,24"
"30,59","11,94","34,76","2,73",Não,Metrô,9,"8,78",Dom,Não,"5,32"
"26,56","4,58","38,13","1,91",Não,Ônibus,2,0,Qua,Não,"9,52"
"31,99","13,2","34,59","3,05",Não,Metrô,2,0,Sex,Não,"5,85"
"72,53","18,59","33,13","3,41",Não,Ônibus,8,0,Sex,Não,"12,26"
"33,57","3,48","24,07","4,74",Não,Ônibus,3,0,Ter,Não,"8,7"
"29,53","3,96","34,95","3,04",Não,Ônibus,6,0,Qui,Não,"11,52"
"6,68","1,7","31,13","3,34",Não,Metrô,1,0,Sex,Não,"5,06"
"7,86","5,29","34,1","2,77",Não,Metrô,0,"6,88",Ter,Não,"6,59"
"51,76","2,8","19,83","6,66",Sim,CarroApp,3,0,Qua,Não,"12,09"
"45,01","5,94","24,19","4,92",Não,CarroApp,5,0,Qui,Não,"10,26"
"23,63","9,27","35,44","2,04",Não,Metrô,4,0,Ter,Não,"7,37"
"51,45","8,88","24,79","5,32",Não,Ônibus,4,"7,06",Ter,Não,"10,11"
"36,9","0,64","26,33","4,36",Não,Ônibus,2,"2,73",Sex,Não,"10,96"
"41,13","6,46","27,89","4,67",Não,CarroApp,2,0,Sex,Não,"13,08"
"48,4","4,98","19,12","6,76",Sim,Metrô,3,0,Sex,Não,"9,68"
"67,62","5,93","11,83","8,51",Sim,CarroApp,2,"2,28",Sex,Não,"17,76"
"49,68","0,5","14,88","7,5",Sim,Ônibus,2,"4,32",Seg,Não,"18,16"
"16,5","7,91","32,7","3,06",Sim,Metrô,3,"2,01",Qui,Não,"6,49"
"39,22","3,84","23,12","6,29",Sim,CarroApp,1,0,Ter,Não,"10,84"
"43,46","9,43","30,37","3,52",Não,Ônibus,8,0,Sex,Não,"11,8"
"48,52","14,86","34,17","3,17",Não,Ônibus,5,0,Seg,Não,"10,56"
"107,75","17,38","13,11","8,46",Sim,Ônibus,10,0,Sex,Sim,"18,82"
"21,82","9,19","34,52","3,21",Não,Ônibus,2,0,Sex,Não,"12,06"
"33,44","5,53","33,03","3,68",Não,Ônibus,4,"7,78",Qui,Não,"9,49"
"17,8","5,32","39,89","1,56",Não,Ônibus,2,"2,21",Seg,Não,"11,58"
25,"2,84","37,29","2,51",Não,Ônibus,4,"1,92",Qui,Não,"10,76"
"76,44","17,69","21,59","5,21",Sim,Ônibus,8,0,Sab,Não,"18,04"
"56,58","7,92","22,46","5,62",Não,Ônibus,7,0,Sex,Não,"13,34"
11,"1,54","38,61","1,34",Não,Ônibus,0,"2,98",Seg,Não,"9,69"
"53,83","8,24","20,88","6,24",Não,CarroApp,8,0,Ter,Não,"10,81"
"41,43","4,2","28,28","4,77",Sim,Metrô,2,0,Seg,Não,"9,79"
"56,22","15,14","27,12","4,23",Sim,CarroApp,8,"1,79",Seg,Não,"11,42"
"74,99","7,55","22,17","6,09",Sim,Ônibus,3,"9,97",Sex,Sim,"16,76"
"50,71","10,65","25,49","4,85",Sim,Ônibus,7,0,Sab,Não,"14,44"
"36,35","12,7","37,46","1,99",Não,CarroApp,3,0,Ter,Não,"12,72"
"14,12","2,08","37,79","2,47",Não,CarroApp,0,"7,33",Seg,Não,"12,32"
"38,38","11,06","28,5","3,91",Não,Ônibus,7,0,Ter,Não,"9,35"
"45,75","8,4","27,87","4,15",Sim,CarroApp,6,0,Dom,Não,"13,53"
"30,06","5,11",28,"4,37",Não,Metrô,2,"0,64",Ter,Não,"9,2"
"10,38","6,08","37,54","2,07",Não,Metrô,2,0,Qua,Não,"2,21"
"29,27","9,36","27,51","4,49",Não,CarroApp,2,0,Qui,Não,"9,24"
"37,38","10,54","27,64","4,48",Sim,Bicicleta,5,"1,69",Sab,Não,"4,42"
"60,26","3,2","16,23","7,88",Sim,Ônibus,4,"2,66",Qui,Não,"15,78"
"33,32","8,18","22,58","4,78",Não,Metrô,3,0,Sex,Não,"4,94"
"10,51","1,72","30,68","2,73",Não,Ônibus,0,"2,34",Seg,Não,"10,05"
"23,81","4,12","33,69","3,2",Não,CarroApp,5,0,Seg,Não,"7,38"
"16,9","4,92","43,91",0,Não,Ônibus,9,0,Sab,Não,"9,77"
"43,3","14,64","30,4","4,53",Não,Metrô,3,"1,88",Sex,Não,"6,67"
"53,69","13,97","26,73","4,31",Não,Ônibus,3,0,Ter,Não,"9,63"
"28,09","4,1","29,95","3,96",Não,CarroApp,3,0,Qua,Não,"7,11"
"20,63","7,8","32,84","2,75",Não,Ônibus,4,0,Sab,Não,"9,54"
"11,71","2,14","40,36","1,67",Não,CarroApp,1,0,Qua,Não,"9,39"
"103,44","27,08","25,57",5,Sim,Ônibus,14,"7,96",Ter,Não,"15,88"
"48,04","2,56","22,14","5,33",Sim,Metrô,2,"7,89",Qui,Não,"12,78"
"52,78","4,17","22,76","5,55",Sim,Ônibus,5,"12,55",Ter,Não,"13,87"
"34,01","6,99","37,1","1,79",Não,Ônibus,4,0,Sab,Não,"9,81"
"27,79","1,26","32,55","3,14",Não,Ônibus,4,"2,78",Qui,Não,"13,06"
"49,99","11,79","32,17","3,43",Não,Ônibus,10,"2,54",Sab,Não,"10,46"
"34,28","1,94","25,14","5,94",Sim,CarroApp,1,"2,82",Qua,Não,"9,42"
"39,24","3,54","28,75","4,52",Sim,Ônibus,3,0,Ter,Não,"15,42"
"21,71","4,79","32,93","2,58",Não,Bicicleta,3,"3,9",Dom,Não,"2,37"
"66,06","11,95","30,71","3,84",Não,Bicicleta,5,0,Sex,Sim,"5,99"
"30,34","5,81","28,06","4,39",Sim,Metrô,3,0,Ter,Não,"11,28"
"85,82","10,13",8,10,Sim,CarroApp,3,0,Qui,Sim,"17,38"
"15,91","3,36","34,56","2,23",Não,Metrô,1,"5,21",Ter,Não,"6,14"
"53,56","7,67","30,23","4,5",Não,Ônibus,2,"1,18",Sex,Sim,"13,09"
"32,93","9,83","40,63","1,37",Não,CarroApp,5,0,Ter,Não,"11,03"
"42,19","7,97","32,95","3,6",Não,Ônibus,4,0,Sex,Não,"12,19"
"55,19","22,59","34,71","2,49",Não,CarroApp,7,"1,91",Sex,Não,"7,76"
"56,39","8,71","25,38","4,72",Sim,Ônibus,13,"3,12",Qui,Não,"14,7"
"22,49","3,83","43,75","0,62",Não,Ônibus,2,0,Dom,Não,"11,78"
"36,14","8,86","36,33","2,43",Não,Ônibus,7,"2,85",Sab,Não,"9,47"
"71,54","23,95","35,92","2,41",Não,Ônibus,11,0,Ter,Não,"13,07"
"56,92","11,12","20,14","6,68",Sim,Bicicleta,2,0,Qui,Não,"5,69"
"19,73","2,4","32,23","3,55",Não,Ônibus,3,0,Qui,Não,"10,79"
"44,04","5,31","22,46","6,1",Não,Ônibus,0,"3,91",Sex,Não,"13,85"
"56,26","10,55","18,19","6,53",Sim,Metrô,7,0,Qua,Não,"8,27"
"58,7","6,95","21,09","5,9",Sim,CarroApp,1,"10,01",Qua,Não,"14,09"
"37,38","9,66","39,55","1,98",Não,Ônibus,6,"1,53",Seg,Não,"9,68"
"42,09","7,95","22,73","5,61",Sim,CarroApp,4,0,Qua,Não,"13,94"
"32,69","7,57","39,14","1,79",Não,Ônibus,9,0,Seg,Não,"11,2"
"17,91","2,98","33,68","3,13",Não,Bicicleta,3,0,Qua,Sim,0
"52,92","8,55","24,05","6,26",Sim,CarroApp,4,0,Qui,Não,"12,33"
"47,45","14,82","31,98","2,74",Não,Metrô,7,0,Qua,Não,"4,62"
"29,96","7,86","32,53","3,16",Não,Metrô,3,"2,26",Sex,Não,"7,09"
"27,92","2,51","28,66","4,16",Sim,CarroApp,4,"8,61",Qua,Não,"11,45"
"54,8","8,14","20,45","6,26",Sim,Metrô,3,"4,04",Seg,Não,"13,07"
"48,7","10,08","32,42","3,42",Sim,CarroApp,10,0,Ter,Não,"9,41"
"92,88","12,41","19,46",7,Sim,Bicicleta,7,"0,92",Qui,Sim,"12,97"
"42,2","11,84","32,51","3,16",Não,CarroApp,5,0,Seg,Não,"7,6"
"61,44","23,52","38,52","1,78",Não,Ônibus,9,0,Qua,Não,"12,34"
5,"2,61","34,45","3,39",Não,Metrô,2,"6,86",Qua,Não,"4,88"
"33,19","16,04","44,4","0,58",Não,Bicicleta,10,"5,74",Qua,Não,"0,28"
"55,39","4,22","25,79","5,11",Sim,Ônibus,2,0,Ter,Não,"17,92"
"62,26","14,47","31,91",,Não,Ônibus,7,0,Qua,Não,"12,8"
"30,39","6,1","35,51","2,57",Não,Ônibus,9,"3,93",Seg,Não,"7,31"
"32,71","3,37","28,54","4,27",Não,Ônibus,6,"12,01",Qui,Não,"11,07"
"49,2","4,92","20,29","6,28",Sim,Ônibus,3,0,Sex,Não,"15,41"
"9,45","3,71","42,46","0,42",Não,Ônibus,5,"7,95",Dom,Não,"9,49"
"81,2","7,1","10,82","9,42",Sim,Ônibus,8,0,Seg,Não,"18,16"
"54,6","9,62","16,33","7,26",Sim,Metrô,2,"2,42",Sab,Não,"15,45"
"17,27","2,16","33,4","2,75",Não,CarroApp,3,"1,96",Sab,Não,12
"30,92","5,1","30,08","4,03",Não,Ônibus,7,"4,8",Qui,Não,"8,91"
"21,06","4,77","32,26","3,38",Sim,Metrô,1,"4,17",Dom,Não,"8,23"
"23,06","10,62","42,5","0,98",Não,Ônibus,7,0,Sab,Não,"10,07"
"49,37","11,39","29,32","3,28",Não,Ônibus,3,0,Sex,Não,"8,23"
"39,89","5,15","23,65","5,05",Sim,Ônibus,3,0,Qua,Não,"14,4"
"81,06","8,68","22,64","6,18",Sim,Ônibus,7,0,Sex,Sim,"15,69"
"61,52","23,29","34,3","3,06",Não,Metrô,11,0,Qui,Não,"7,18"
"14,52","3,23","36,4","2,02",Não,Ônibus,2,0,Ter,Não,"10,98"
"33,26","5,82","23,39","5,32",Não,Ônibus,3,0,Ter,Não,"13,02"
"25,65","3,57","28,94","3,88",Não,CarroApp,3,0,Ter,Não,"10,22"
"70,7","6,36","16,52","7,29",Sim,Bicicleta,4,0,Ter,Sim,"9,69"
36,"9,93","31,52","3,45",Não,Ônibus,7,0,Seg,Não,"7,51"
"25,23","3,33","30,91","3,75",Não,Ônibus,4,"2,65",Seg,Não,"10,81"
"36,78","3,89","30,74","3,65",Sim,Bicicleta,3,0,Seg,Não,"3,96"
"59,14","12,24","30,31","3,48",Não,Ônibus,11,0,Sex,Não,"15,52"
"54,05","13,63","40,75","1,34",Não,Ônibus,8,0,Qui,Não,"12,35"
"70,32","3,85","20,02","7,02",Sim,Ônibus,1,0,Qui,Sim,"13,94"
"27,27","1,77","30,44","3,42",Sim,Bicicleta,1,0,Ter,Não,"5,45"
"43,17","6,66","32,38","3,45",Sim,Ônibus,8,"3,58",Ter,Não,"11,61"
5,"1,55","37,71","1,73",Não,Metrô,0,0,Dom,Não,
"37,95","5,1","27,59","4,27",Não,Bicicleta,3,0,Qui,Não,"1,52"
"39,48","7,82","28,53","4,32",Sim,Metrô,4,0,Seg,Não,"12,28"
"48,22","10,94","31,03","3,63",Sim,Ônibus,5,0,Qui,Não,"11,28"
"31,71","4,84","28,25","4,75",Sim,Bicicleta,0,0,Seg,Não,"7,77"
"50,53","7,42","21,76","5,37",Sim,Ônibus,3,0,Ter,Não,
"49,29","9,41","34,31","2,72",Não,Ônibus,7,0,Qua,Não,"13,87"
"11,53","9,97","37,74","1,37",Não,Metrô,3,"2,79",Ter,Não,"3,73"
"45,38","15,46","31,88","3,41",Não,CarroApp,7,0,Qui,Não,"10,64"
"59,36","4,9","18,58","7,31",Sim,Ônibus,1,"6,59",Qui,Sim,"15,65"
"60,22","6,4","26,3","5,02",Sim,Ônibus,9,"3,78",Sex,Não,"16,42"
"21,56","1,79","36,27","2,3",Não,Ônibus,5,0,Qua,Não,"10,92"
"52,54","7,84","23,25","5,48",Sim,Metrô,7,"17,27",Qua,Não,"8,59"
"19,9","6,93","33,96","3,43",Não,Bicicleta,2,0,Ter,Não,"2,01"
"18,76","8,49","33,58","3,34",Não,Metrô,6,0,Seg,Não,"6,52"
"54,35","3,94","23,37","5,64",Sim,Ônibus,3,"3,73",Qua,Sim,"17,75"
5,"4,78","40,01","0,64",Não,CarroApp,3,0,Sab,Não,"7,65"
"42,06","7,96","26,87","4,33",Sim,Metrô,5,0,Seg,Não,"8,4"
"30,11","1,54","34,63","2,82",Não,Ônibus,4,0,Seg,Não,"8,63"
"65,9","10,37",,"4,98",Sim,Ônibus,5,"4,18",Qua,Sim,"14,29"
"47,27","7,52","32,12","3,92",Não,Bicicleta,2,0,Ter,Não,4
"44,74","8,86","26,09","4,83",Sim,Bicicleta,4,"3,01",Qui,Não,"4,87"
5,"5,78","39,3","0,87",Não,Bicicleta,3,0,Seg,Não,0
"44,86",,"29,28","3,98",Não,Ônibus,6,0,Seg,Não,"9,98"
"47,39","5,75","20,13","6,72",Sim,Ônibus,4,0,Sex,Não,"13,71"
"9,64","4,99","30,2","3,34",Não,CarroApp,2,"7,45",Qua,Não,"8,53"
"30,79","3,35","26,5","4,64",Não,Ônibus,3,"6,58",Seg,Não,"9,71"
"62,5","11,66","25,06","5,16",Sim,Bicicleta,0,,Seg,Não,"8,68"
42,"9,68","26,94","4,78",Sim,Metrô,3,"1,51",Qua,Não,"11,73"
"69,36","7,99","14,95","7,95",Sim,Ônibus,3,"1,4",Seg,Não,"17,06"
"34,86","6,83","32,33","3,02",Não,CarroApp,6,0,Seg,Não,"8,04"
"57,59","5,96","27,91","4,72",Sim,Ônibus,5,"2,47",Ter,Não,"16,15"
"45,43","18,35","31,67","3,92",Não,Metrô,6,0,Seg,Não,"7,41"
"66,26","15,63","23,71","5,9",Não,Bicicleta,5,0,Seg,Não,"8,67"
"39,48","2,11","20,72","5,64",Sim,CarroApp,1,"4,78",Sex,Não,"12,9"
"51,7","7,07","17,94","6,88",Sim,CarroApp,1,"2,52",Ter,Não,"14,34"
"29,39","2,15","32,2","3,78",Não,Ônibus,1,0,Sex,Não,"11,84"
"41,8","11,94","36,68","2,35",Não,CarroApp,6,"6,18",Ter,Não,"8,48"
"67,03","6,66","18,87","6,96",Sim,Metrô,4,0,Qui,Sim,"10,44"
"5,33","5,21","33,15","3,46",Não,Metrô,2,"2,42",Qui,Não,"1,21"
"57,03","9,08","28,03","4,79",Não,Ônibus,11,0,Seg,Não,"12,65"
"32,9","6,07","31,14","3,98",Não,Metrô,0,0,Seg,Não,"9,01"
"41,03","6,1","33,43","3,38",Não,Ônibus,4,0,Ter,Não,"13,01"
"41,57","1,52","21,05","6,29",Sim,CarroApp,0,2,Qui,Não,"13,36"
"43,13","8,19","27,83","5,15",Não,CarroApp,1,0,Ter,Não,"11,24"
"63,59","3,61","25,52","5,82",Sim,Ônibus,4,"0,92",Sex,Sim,"15,3"
"47,21","16,14","33,32","2,92",Não,CarroApp,5,"0,5",Ter,Não,"6,29"
"23,12","3,46","34,08","2,42",Não,CarroApp,1,0,Qui,Não,"9,74"
"30,97","7,91","36,4","2,33",Não,Ônibus,3,0,Qui,Não,"9,84"
64,"6,59","19,47","6,85",Sim,CarroApp,3,"5,8",Qui,Sim,"11,51"
"48,25","5,4","24,6","5,62",Sim,Ônibus,4,"10,68",Ter,Não,"13,28"
"7,95","2,55","34,62","2,59",Não,Ônibus,1,"4,42",Dom,Não,"10,74"
"25,56","5,28","32,32","3,44",Não,Ônibus,4,0,Qua,Não,"11,25"
"53,64","2,49","24,34","5,74",Sim,Ônibus,1,0,Seg,Sim,"17,4"
"54,5","3,39","16,94","7,39",Sim,Metrô,1,"3,87",Seg,Não,"17,75"
"62,42","3,2","14,85","7,63",Sim,CarroApp,4,0,Seg,Não,"16,92"
"75,09","15,7","24,77","4,91",Sim,Ônibus,13,0,Qui,Não,"18,25"
"52,31","3,46","22,69","5,98",Sim,CarroApp,2,0,Sex,Não,"15,78"
"22,09","7,8","37,93","1,93",Não,Metrô,3,"1,98",Qui,Não,"5,69"
"30,82","6,91","30,23","4,05",Não,CarroApp,3,,Ter,Não,"8,9"
"72,57","11,54","16,27","7,28",Sim,CarroApp,6,"4,81",Seg,Não,"14,46"
5,"1,38","35,99","2,07",Não,Metrô,3,"1,34",Sex,Não,
"10,97","5,52","36,57","2,2",Não,Metrô,1,0,Qui,Não,"6,18"
"15,36","1,87","36,65","2,32",Não,CarroApp,3,0,Sex,Não,"7,06"
"33,06","3,43","23,88","5,65",Não,Metrô,0,"17,29",Qua,Não,"8,08"
"78,17","15,94","27,3","4,81",Sim,Ônibus,13,"6,24",Qui,Não,"14,04"
"16,97","9,15","44,45","0,35",Não,CarroApp,3,"3,44",Qui,Não,"5,79"
"25,12","5,95","26,91","4,66",Não,Metrô,4,"1,84",Sex,Não,"10,11"
"42,1","1,99","25,38","5,05",Sim,Ônibus,3,0,Ter,Não,"13,06"
"33,44","8,96","39,26","1,65",Não,Ônibus,7,"4,79",Ter,Não,"13,54"
"5,91","2,62","40,11","0,58",Não,Bicicleta,3,0,Qui,Não,"0,78"
"30,83","2,42","28,26","4,22",Não,Ônibus,4,0,Qua,Não,"14,37"
"35,54","4,34","25,99","4,49",Não,Ônibus,5,0,Qua,Não,"13,85"
"111,38","21,34","19,52","7,27",Sim,Ônibus,5,0,Seg,Sim,"18,59"
"71,28","6,42","18,52","7,65",Sim,Ônibus,3,0,Qua,Não,"18,32"
"64,53","6,59","13,16","8,66",Sim,Metrô,3,,Sex,Não,"17,07"
"39,49","3,81","30,07","3,63",Sim,Bicicleta,2,0,Qua,Não,"3,4"
"56,45","13,78","38,3","2,36",Não,CarroApp,6,"11,96",Seg,Sim,"10,19"
"20,17","4,27","32,25","3,04",Não,Ônibus,4,0,Sex,Não,"11,15"
"9,63","4,57","34,36","3,13",Não,Bicicleta,0,"3,74",Ter,Não,0
"40,41","2,76","24,2","5,36",Sim,Ônibus,2,0,Qui,Não,"16,59"
"19,15","2,74","26,56","4,36",Não,Metrô,0,0,Ter,Não,"7,35"
"55,33","4,36","24,24","5,04",Não,Ônibus,7,0,Ter,Sim,"15,51"
"34,4","11,72","40,75","0,96",Não,CarroApp,5,"6,27",Qui,Não,"8,89"
"53,73","1,51","13,02","7,61",Sim,CarroApp,0,0,Sex,Não,"17,23"
"23,12","10,93","35,23","2,79",Não,Metrô,7,0,Qua,Não,"6,18"
"52,61","10,76","30,18","3,71",Não,Ônibus,8,"6,11",Ter,Não,"10,66"
"6,65","5,97","40,1","1,19",Não,Bicicleta,2,0,Ter,Não,0
"30,68","10,37","44,75",0,Não,Ônibus,9,0,Dom,Não,"7,71"
"22,51","4,47","34,03","2,25",Não,CarroApp,2,0,Qua,Não,"8,45"
"20,73","6,21","36,31","2,51",Não,CarroApp,5,0,Sab,Não,"6,93"
"49,69","8,66","23,09","6,08",Sim,Bicicleta,2,0,Qua,Não,"5,66"
"40,44","5,98","31,83","3,46",Sim,Ônibus,3,"8,37",Ter,Não,"15,85"
"34,04","8,56","33,8",,Não,Metrô,2,"5,22",Seg,Não,"7,29"
"28,79","4,2","30,44","3,34",Não,Ônibus,5,0,Qui,Não,"14,17"
"14,34","7,44","36,63","1,7",Não,CarroApp,5,0,Sab,Não,"7,93"
"44,93","3,89","29,69","3,97",Sim,Ônibus,4,0,Qui,Não,"15,68"
"55,48","7,53","28,54","4,41",Sim,Ônibus,8,"2,4",Qui,Não,"15,09"
"28,25","2,64","27,19","4,65",Não,Bicicleta,2,0,Qua,Não,"5,93"
"37,06","3,35","20,17","5,84",Sim,Metrô,2,0,Ter,Não,"10,19"
"24,41","3,9","28,48","3,29",Não,CarroApp,1,0,Qua,Não,"8,29"
"26,44","2,3","27,1","4,48",Sim,Bicicleta,2,"3,48",Seg,Não,"3,65"
"24,74","3,02","29,86","4,11",Não,CarroApp,3,0,Ter,Não,"11,55"
"31,12","2,97","25,03",,Sim,CarroApp,4,"0,77",Qua,Não,
"57,75","3,12","18,71","6,55",Sim,Ônibus,2,0,Ter,Não,"12,28"
"33,93","6,5","31,13","3,28",Não,Ônibus,5,0,Seg,Não,"12,16"
"18,01","5,77","37,2","2,34",Não,Ônibus,5,0,Qui,Não,"7,62"
"25,43","4,65","33,1","2,68",Não,Ônibus,2,"2,21",Qui,Não,"13,31"
"21,21","1,64","35,02","3,05",Sim,Ônibus,4,"6,91",Ter,Não,"12,98"
"62,23","6,89","20,95","6,71",Sim,Ônibus,4,0,Ter,Não,"14,88"
"28,73","6,53","30,52","2,97",Não,Metrô,3,0,Qua,Não,"6,21"
"38,16","7,24","35,18","2,44",Não,Ônibus,9,0,Ter,Não,"8,29"
"60,08","14,28","18,51","6,1",Não,Ônibus,5,"3,25",Seg,Não,"12,11"
"41,24","5,62","18,08","6,77",Sim,CarroApp,4,0,Ter,Não,11
36,"12,89","34,78","2,59",Não,CarroApp,8,0,Ter,Não,"6,85"
"17,35","6,15","43,06","1,36",Não,Bicicleta,4,"3,29",Sab,Não,0
"58,51","7,01","21,84","6,37",Sim,Ônibus,5,"1,44",Qui,Não,"13,83"
"62,52","24,38",,"2,42",Não,Bicicleta,7,"1,57",Qui,Não,"3,53"
"45,33","2,3","23,74","5,35",Sim,Ônibus,3,"7,81",Seg,Não,"14,21"
"27,37","9,83","39,44","1,74",Não,Ônibus,5,"0,71",Sab,Não,"10,44"
"25,17","8,74","37,33","1,43",Não,Ônibus,4,"6,84",Seg,Não,"8,22"
"54,61","18,69","37,68","2,36",Sim,Metrô,6,"2,36",Sab,Não,"10,11"
"73,72","15,32","23,99","5,28",Sim,Bicicleta,4,"3,48",Seg,Não,"7,21"
"8,41","4,09","29,71","3,53",Não,Metrô,4,0,Seg,Não,"5,59"
"43,26","11,87","31,04","4,29",Não,Bicicleta,2,0,Sex,Não,"2,66"
"32,18","8,63","36,87","1,74",Não,Ônibus,9,0,Qua,Não,6
"55,08","7,94","26,34","5,26",Sim,Ônibus,9,0,Qui,Não,"17,9"
"44,32","6,07","35,03","2,87",Não,Ônibus,4,0,Qua,Não,"10,15"
"40,94","6,82","24,82","4,94",Sim,Metrô,3,0,Ter,Não,"6,58"
"76,36","12,44","18,63","7,51",Sim,CarroApp,4,0,Qua,Sim,"16,19"
"44,71","3,75","27,38","4,44",Não,Ônibus,4,"2,54",Seg,Não,"15,64"
"22,81","3,81","37,75","1,91",Não,Ônibus,3,0,Seg,Não,"9,25"
"14,41","8,66","37,17","2,28",Não,Metrô,2,"3,75",Qua,Não,"2,97"
"13,69","2,38","38,21","1,38",Não,Bicicleta,0,"3,05",Qua,Não,"2,02"
"60,67","10,02","21,81","5,89",Sim,Metrô,4,0,Qui,Não,"9,15"
"48,13","4,81","21,25","6,55",Sim,CarroApp,2,0,Ter,Não,"13,55"
"31,36","2,29","25,74","5,33",Não,Metrô,2,0,Sex,Não,"8,87"
"26,88","5,46","33,45","4,17",Sim,Ônibus,3,0,Qua,Não,"11,08"
"30,71","2,44","21,45","5,47",Não,Ônibus,3,0,Sex,Não,"12,1"
"43,3","8,77","33,93","3,23",Não,Ônibus,3,"1,34",Qui,Não,"13,64"
"26,26","7,54","30,48","3,05",Não,Bicicleta,3,"1,32",Sab,Não,"2,26"
5,"3,57","38,45","1,65",Não,Metrô,0,0,Seg,Não,"5,52"
"58,8","14,66","34,15","2,58",Não,Ônibus,7,0,Seg,Não,"10,96"
5,"2,34","37,76","1,81",Não,Metrô,3,0,Qua,Não,"5,97"
"19,27","9,27","39,74","1,67",Não,Ônibus,9,0,Sab,Não,7
"37,74","4,97","18,82","6,79",Sim,Bicicleta,2,0,Ter,Não,"8,48"
"20,93","1,64","36,72","1,53",Não,Ônibus,2,0,Ter,Não,"9,88"
"54,08","15,21","26,58","4,53",Não,Ônibus,4,"3,04",Qui,Não,"13,79"
"29,75","6,09","32,78","3,03",Não,Ônibus,3,0,Qui,Sim,"11,12"
"28,81","6,16","29,21","3,61",Não,CarroApp,2,0,Qui,Não,"10,26"
"60,59","16,63","38,53","2,34",Não,Ônibus,11,0,Seg,Não,"12,77"
"15,94","4,11","33,28","3,54",Não,Metrô,0,0,Seg,Não,"8,15"
"19,57","4,06","38,75","2,65",Não,Metrô,0,0,Ter,Sim,
"6,3","4,9","40,33","1,01",Não,Metrô,3,0,Ter,Não,"4,21"
"17,12","5,31","33,24","3,02",Não,Ônibus,2,"4,1",Dom,Não,"9,53"
5,"8,08","45,68","0,8",Não,Metrô,4,0,Sab,Não,"5,52"
"10,77","1,17","34,12","2,6",Não,Ônibus,1,"3,01",Seg,Não,"9,75"
"21,97","6,12","29,32","4,32",Sim,CarroApp,4,0,Qua,Não,15
"46,05","8,77","33,86","3,91",Sim,Metrô,5,"13,23",Ter,Não,"8,67"
"71,53","10,68","17,6","7,57",Sim,Metrô,4,0,Seg,Sim,"13,43"
"53,73","3,83",,"5,88",Sim,Metrô,5,0,Ter,Não,"11,36"
"52,89","5,26","23,1","5,95",Sim,Ônibus,4,"1,97",Seg,Não,"18,04"
"61,85","4,51","19,55","6,81",Sim,Ônibus,5,"2,55",Qui,Não,"17,22"
"86,04","18,67","28,87","4,6",Sim,Ônibus,8,0,Ter,Não,"18,95"
"69,26","8,17","17,92","6,79",Sim,Bicicleta,9,"5,69",Sex,Não,"7,01"
"33,71","10,3","38,27","1,73",Não,Ônibus,8,0,Seg,Não,"7,64"
"56,97","4,97","17,5","7,28",Sim,Ônibus,3,"15,4",Sex,Não,"17,88"
"44,5","6,44","30,99","3,83",Não,Ônibus,3,0,Qui,Não,"11,18"
"29,67","6,86","30,8","3,43",Não,CarroApp,3,0,Seg,Não,
"35,53","4,27","23,12","5,63",Sim,Metrô,3,"3,21",Qua,Não,"11,34"
"10,9","0,63","31,48","3,1",Não,Bicicleta,1,"1,84",Qua,Não,"3,62"
5,"4,45","40,32","1,39",Não,CarroApp,2,0,Sab,Não,"5,64"
"56,48","6,31","17,71","7,38",Sim,Bicicleta,5,0,Qua,Não,"9,07"
"9,82","10,02","39,59","1,29",Não,Metrô,2,"2,4",Ter,Não,"4,11"
"51,95","4,28","23,24","5,68",Sim,Ônibus,5,0,Ter,Não,"14,18"
"56,9","15,77","26,31","4,99",Sim,CarroApp,6,"1,31",Dom,Não,"12,31"
"50,3","10,63","39,93","1,85",Não,Bicicleta,5,0,Ter,Sim,"4,09"
"65,46","10,05","23,03","5,41",Sim,Ônibus,6,0,Ter,Não,"13,21"
"20,18","3,43","34,71","3,29",Não,Ônibus,0,0,Sex,Não,"10,12"
"27,23","5,25","35,89","2,27",Não,Ônibus,5,0,Dom,Não,"11,05"
"52,15","10,58","23,09","5,33",Sim,Ônibus,6,"7,09",Ter,Não,"14,87"
"36,77","5,02","31,05","3,84",Sim,Ônibus,7,"6,95",Ter,Não,"12,4"
"29,88","5,02","31,48","3,79",Sim,CarroApp,0,0,Qui,Não,"15,17"
"42,76","2,34","25,29",,Sim,CarroApp,1,0,Ter,Não,"11,86"
"60,52","11,28","28,41","4,82",Sim,Ônibus,2,"11,26",Seg,Não,"13,12"
"40,58","7,75","28,31","4,15",Sim,CarroApp,0,0,Qua,Não,"9,33"
"72,94","14,76","25,53","5,16",Sim,Ônibus,3,"4,19",Sex,Não,"16,53"
"77,57","7,82","22,73","5,25",Sim,Ônibus,5,"7,41",Ter,Sim,"14,11"
"11,26","2,08","38,24","1,4",Não,Metrô,4,0,Dom,Não,"7,86"
"28,77","11,1","41,78","0,84",Não,CarroApp,2,0,Sex,Não,"6,56"
"8,44","3,8","35,84","2,29",Não,CarroApp,1,0,Dom,Não,"5,63"
"27,83","5,82","27,74","4,2",Não,Ônibus,1,"4,25",Qui,Não,"11,33"
42,"3,73","25,45","5,25",Não,Bicicleta,0,0,Sex,Sim,"7,86"
"53,92","29,29","45,34","0,1",Não,CarroApp,14,0,Sab,Não,"5,74"
"23,86","1,47","25,52","5,22",Não,Bicicleta,0,0,Seg,Não,"6,56"
"48,83","10,86","21,66","5,72",Sim,CarroApp,5,0,Qua,Não,"12,34"
"90,66","9,59","15,91","7,52",Sim,Ônibus,6,"3,84",Sex,Sim,"15,93"
"6,04","3,85","35,66","2,92",Não,CarroApp,2,0,Ter,Não,"11,37"
"47,14","9,78","29,34",4,Não,Ônibus,6,0,Sab,Não,"9,81"
"63,86","10,15","20,76","6,51",Sim,Ônibus,5,0,Sex,Sim,"17,4"
44,"1,43","13,82","8,19",Sim,Metrô,0,"8,37",Ter,Não,"9,31"
"28,63","3,05","30,46","4,36",Não,Ônibus,1,0,Ter,Não,"9,27"
"18,04","6,75","31,3","3,21",Não,Metrô,2,0,Qui,Não,"8,87"
"51,37","6,59","18,43","6,94",Sim,CarroApp,2,0,Ter,Não,"14,71"
"12,47","2,78","35,93","2,36",Não,Ônibus,4,0,Seg,Não,9
"33,66","6,85","22,99","5,47",Sim,Bicicleta,2,0,Seg,Não,"12,72"
"14,2","3,05","33,9","3,25",Não,CarroApp,1,0,Ter,Não,"7,21"
"22,63","2,31","28,69","3,78",Não,CarroApp,1,"5,48",Seg,Não,"13,85"
"55,58","3,89","17,64","6,58",Sim,Ônibus,3,0,Qua,Não,"16,01"
"74,02","6,73","19,45","6,85",Sim,Ônibus,7,0,Sex,Não,"15,59"
"25,05","3,83",,"2,79",Não,Ônibus,5,"1,32",Qua,Não,"10,47"
5,"5,33","39,97","1,08",Não,Bicicleta,3,"4,12",Dom,Não,"0,12"
"15,79","4,28","31,51","3,29",Não,Metrô,2,"0,86",Qua,Não,"8,89"
"56,51","3,55","18,12","7,15",Sim,Metrô,1,"0,68",Qui,Sim,"12,33"
"71,44","15,1","21,49","6,14",Sim,Metrô,7,0,Sex,Não,"9,84"
"21,66",,"39,84","1,12",Não,Ônibus,4,"3,86",Dom,Não,"9,97"
"58,84","5,32","19,8","5,99",Sim,Ônibus,3,0,Qui,Não,"17,73"
"55,48","12,93","29,13","3,37",Não,Ônibus,7,0,Qui,Não,"10,97"
"30,36","4,57","29,84","3,91",Não,Ônibus,3,0,Sab,Não,"11,08"
"55,68","4,98","28,04","4,57",Sim,Ônibus,2,"0,93",Qui,Não,"13,8"
"75,39","14,32","21,67","5,78",Sim,Ônibus,10,0,Qua,Não,"14,32"
"12,8","3,95","34,38","2,75",Não,Ônibus,4,"3,53",Qua,Não,"9,62"
"47,38","9,05","23,82","5,62",Sim,Bicicleta,5,0,Qui,Não,"6,92"
"43,36","5,74","21,09","5,8",Sim,Metrô,2,0,Qui,Não,"9,41"
"66,2","1,52","14,64","7,51",Sim,Metrô,1,0,Sex,Sim,"11,56"
"52,71","6,21","29,58","3,95",Sim,Ônibus,8,0,Qui,Não,"16,11"
"53,89","3,61","25,6","5,81",Sim,CarroApp,4,"3,08",Ter,Não,"13,68"
"67,47","9,56","29,47","4,28",Sim,Ônibus,2,0,Qua,Não,"17,5"
"41,17","9,48","27,26","5,12",Sim,Metrô,1,"2,64",Dom,Não,"10,72"
"42,83","10,94","36,83","2,37",Não,Ônibus,3,0,Qua,Não,"9,36"
"43,33","9,13","32,56","3,56",Não,Ônibus,7,"2,84",Sex,Não,"11,94"
"74,31","7,53","24,94","5,24",Sim,Ônibus,3,"4,16",Qui,Não,"14,49"
"8,94","6,03","41,36","0,16",Não,Ônibus,3,0,Dom,Não,"9,48"
"27,93","11,14","32,79","2,81",Não,Bicicleta,2,0,Sex,Não,0
"14,25","6,31","34,81","2,71",Não,CarroApp,1,"5,2",Qua,Não,"6,52"
"39,8","9,35","38,18","2,32",Não,Ônibus,6,0,Seg,Não,"7,67"
5,,"44,89",0,Não,Ônibus,4,0,Sab,Não,"6,05"
"49,91","3,84","22,41","6,27",Sim,Ônibus,4,0,Qua,Não,"15,29"
"38,34","3,04","35,57","2,44",Não,Ônibus,2,0,Seg,Não,"9,35"
"43,2","9,08","30,41","3,51",Não,Ônibus,2,0,Sex,Não,"9,9"
"36,02","4,42","23,32","5,69",Sim,Metrô,0,0,Ter,Não,"9,77"
"22,92","4,42","29,37","3,34",Não,CarroApp,1,0,Sex,Não,"9,08"
"40,87","4,58","29,82","3,42",Não,Ônibus,5,"4,74",Sex,Não,"10,28"